Model,link_url,generation,Years,gallery_url,main_image_url,side_image_url,front_image_url,back_image_url,3_4_behind_image_url,remark
Chevrolet Lanos,https://auto.ru/catalog/cars/chevrolet/lanos/,I,2002 – 2009,https://auto.ru/catalog/cars/chevrolet/lanos/2417263/2417282/,https://avatars.mds.yandex.net/get-verba/216201/2a000001609b62fdc53e55145a10f2ec6ecc/auto_main,https://avatars.mds.yandex.net/get-verba/1030388/2a00000199dcadd298b9e4a59f5587a3a05e/cattouch,https://avatars.mds.yandex.net/get-verba/216201/2a0000018304f21ec28f7ea44dc587533981/cattouch,,https://avatars.mds.yandex.net/get-verba/1535139/2a000001924c4b7482a6e0874ef3c0ec8914/cattouch,back缺失
Haval H7,https://auto.ru/catalog/cars/haval/h7/,I,c 2024 года,https://auto.ru/catalog/cars/haval/h7/24010497/24010505/,https://avatars.mds.yandex.net/get-verba/997355/2a00000195a477342c51ec30171ce7612dd5/auto_main,https://avatars.mds.yandex.net/get-verba/3587101/2a00000195a47746a555b100118bacf10717/cattouchret,https://avatars.mds.yandex.net/get-verba/216201/2a00000195a4774f5bcc882050ccb185641e/cattouchret,https://avatars.mds.yandex.net/get-verba/3587101/2a00000199395ee2b3f087f734119d717f9d/cattouch,https://avatars.mds.yandex.net/get-verba/1672712/2a00000195a4776132fbf365119156b0a2ee/cattouchret,
Haval H7,https://auto.ru/catalog/cars/haval/h7/,I,c 2024 года,https://auto.ru/catalog/cars/haval/h7/23927303/23928234/,https://avatars.mds.yandex.net/get-verba/3587101/2a0000018eba233088d861b15dfc0b94e5b9/auto_main,,,,,side/front/back/3_4_behind缺失
Haval H7,https://auto.ru/catalog/cars/haval/h7/,I,c 2024 года,https://auto.ru/catalog/cars/haval/h7/23927259/23927780/,https://avatars.mds.yandex.net/get-verba/3587101/2a0000018ea9c066b9f0598c72b356db0dba/auto_main,,,,,side/front/back/3_4_behind缺失
Haval H7,https://auto.ru/catalog/cars/haval/h7/,I,c 2024 года,https://auto.ru/catalog/cars/haval/h7/23927233/23927457/,https://avatars.mds.yandex.net/get-verba/937147/2a0000018ea9bed4f15c29a8c79bdea3aed3/auto_main,https://avatars.mds.yandex.net/get-verba/937147/2a0000018ea7cf5e3976ab8a44e1fdab6035/cattouchret,https://avatars.mds.yandex.net/get-verba/937147/2a0000018ea7cdf46282c489551b86e9039a/cattouchret,https://avatars.mds.yandex.net/get-verba/937147/2a0000018ea7d0c475dd7fe50db378a56a1d/cattouchret,https://avatars.mds.yandex.net/get-verba/3587101/2a0000018ea7d2361f0b49c38aa29646e907/cattouchret,
Nissan Murano,https://auto.ru/catalog/cars/nissan/murano/,IV (Z53),c 2024 года,https://auto.ru/catalog/cars/nissan/murano/24015892/24015908/,https://avatars.mds.yandex.net/get-verba/937147/2a000001929a6447a195fb04cc68fca30909/auto_main,https://avatars.mds.yandex.net/get-verba/937147/2a000001929a6459fdcf9b585a5ae7d179e1/cattouchret,https://avatars.mds.yandex.net/get-verba/1535139/2a000001929a646304943df9130735f0d4f5/cattouchret,https://avatars.mds.yandex.net/get-verba/997355/2a000001929a646f94f3724dd3f03f252b27/cattouchret,https://avatars.mds.yandex.net/get-verba/1535139/2a000001929a647cf97bb90b44cbf8bf111b/cattouchret,
Nissan Murano,https://auto.ru/catalog/cars/nissan/murano/,IV (Z53),c 2024 года,https://auto.ru/catalog/cars/nissan/murano/24994407/24994411/,https://avatars.mds.yandex.net/get-verba/1604130/2a0000019c32cd90f67b29a0535d69b8f43d/auto_main,https://avatars.mds.yandex.net/get-verba/1672712/2a0000019c32cd9d2b92f5b70462179fc6b8/cattouchret,https://avatars.mds.yandex.net/get-verba/1604130/2a0000019c32cda71a7ffd72adcc784a65aa/cattouchret,https://avatars.mds.yandex.net/get-verba/1030388/2a0000019c32cdb28128939fac2d98982a1b/cattouchret,https://avatars.mds.yandex.net/get-verba/1604130/2a0000019c32cdbdcb9a099e512968cb123f/cattouchret,
Nissan Murano,https://auto.ru/catalog/cars/nissan/murano/,IV (Z53),c 2024 года,https://auto.ru/catalog/cars/nissan/murano/20511583/20511608/,https://avatars.mds.yandex.net/get-verba/1604130/2a0000019c32a6c67db4d3e54a981f24b263/auto_main,https://avatars.mds.yandex.net/get-verba/1030388/2a00000160971ea1826d6dd2ebc969f5c8a7/cattouchret,https://avatars.mds.yandex.net/get-verba/997355/2a0000016097598b5be7ad627ed1d86b92e5/cattouchret,https://avatars.mds.yandex.net/get-verba/787013/2a000001608ff9cd80632e95a81d7d2937f6/cattouchret,https://avatars.mds.yandex.net/get-verba/1030388/2a0000016095b55cabec4d772ec89a3320ee/cattouch,
Nissan Murano,https://auto.ru/catalog/cars/nissan/murano/,IV (Z53),c 2024 года,https://auto.ru/catalog/cars/nissan/murano/20288827/20288858/,https://avatars.mds.yandex.net/get-verba/787013/2a000001609d71529aaa3d34e7818d658d85/auto_main,https://avatars.mds.yandex.net/get-verba/1030388/2a000001609d00982b2d80237c2aba908848/cattouchret,https://avatars.mds.yandex.net/get-verba/216201/2a000001609d661f1a5f68f6f4ac3e731491/cattouchret,https://avatars.mds.yandex.net/get-verba/216201/2a000001609bd953880c117d5df0b4484779/cattouchret,https://avatars.mds.yandex.net/get-verba/1030388/2a000001609a718485ae43902489e2b3c269/cattouchret,
Nissan Murano,https://auto.ru/catalog/cars/nissan/murano/,IV (Z53),c 2024 года,https://auto.ru/catalog/cars/nissan/murano/20876489/20876536/,https://avatars.mds.yandex.net/get-verba/787013/2a0000016097d1840e27b22df4584ddc6d0a/auto_main,https://avatars.mds.yandex.net/get-verba/216201/2a000001608fbd4be29e8964955762d948b6/cattouchret,https://avatars.mds.yandex.net/get-verba/787013/2a00000160928cb291aaa3c4841d5b31e041/cattouchret,https://avatars.mds.yandex.net/get-verba/787013/2a00000160928e16b188ef0aa13abe948165/cattouchret,https://avatars.mds.yandex.net/get-verba/787013/2a000001608ffa8bb5598123b0a610b8301b/cattouchret,
Nissan Murano,https://auto.ru/catalog/cars/nissan/murano/,IV (Z53),c 2024 года,https://auto.ru/catalog/cars/nissan/murano/4535644/4535658/,https://avatars.mds.yandex.net/get-verba/787013/2a00000190db3cc92e084b58fbc15021b77b/auto_main,https://avatars.mds.yandex.net/get-verba/787013/2a00000184c4b4152926efa52af628df4cfc/cattouchret,https://avatars.mds.yandex.net/get-verba/937147/2a00000184c4b54b75404f4c7f2d2395f272/cattouchret,https://avatars.mds.yandex.net/get-verba/3587101/2a00000184c4b72262e29405696a6c8a336a/cattouchret,https://avatars.mds.yandex.net/get-verba/216201/2a00000184c4b641bdd4147b94d3937a63b9/cattouchret,
Nissan Murano,https://auto.ru/catalog/cars/nissan/murano/,IV (Z53),c 2024 года,https://auto.ru/catalog/cars/nissan/murano/2308165/2308166/,https://avatars.mds.yandex.net/get-verba/937147/2a0000019a00440c38babcb1f0c14fe159a7/auto_main,https://avatars.mds.yandex.net/get-verba/1535139/2a0000019a007639c818175a0e0214da3f1d/cattouchret,https://avatars.mds.yandex.net/get-verba/1540742/2a0000019a007660f80bad51b90f7db1eed8/cattouchret,https://avatars.mds.yandex.net/get-verba/1535139/2a0000019a00785593c5ec9bbf8e82d94760/cattouchret,https://avatars.mds.yandex.net/get-verba/1540742/2a0000019a008065667b3f54a0e062581e74/cattouchret,
Lada (ВАЗ) 2109,https://auto.ru/catalog/cars/vaz/2109/,,1987 – 2006,https://auto.ru/catalog/cars/vaz/2109/6256996/6256998/,https://avatars.mds.yandex.net/get-verba/216201/2a000001609bd8cf22cd74cc344ff182881e/auto_main,,https://avatars.mds.yandex.net/get-verba/997355/2a0000018552908057e40b2a38fb8f674e89/cattouchret,https://avatars.mds.yandex.net/get-verba/216201/2a000001855290fc497d386493be25a69b62/cattouchret,https://avatars.mds.yandex.net/get-verba/1540742/2a0000018552927b7625b0900d2cc88825bd/cattouchret,side缺失
Haval H9,https://auto.ru/catalog/cars/haval/h9/,II,c 2024 года,https://auto.ru/catalog/cars/haval/h9/23951254/23951399/,https://avatars.mds.yandex.net/get-verba/1672712/2a0000019145e8f7abb32d3284ce9e559a1d/auto_main,https://avatars.mds.yandex.net/get-verba/1672712/2a0000019145efe94034891b90c1cc307821/cattouchret,https://avatars.mds.yandex.net/get-verba/216201/2a0000019145efda2805f75b1de9b95cc980/cattouchret,https://avatars.mds.yandex.net/get-verba/1672712/2a0000019145efe4321a828a0540c2bb35f5/cattouchret,https://avatars.mds.yandex.net/get-verba/3587101/2a0000019145ef9ef52751158fb6180e0b3a/cattouchret,
Haval H9,https://auto.ru/catalog/cars/haval/h9/,II,c 2024 года,https://auto.ru/catalog/cars/haval/h9/21568287/21568343/,https://avatars.mds.yandex.net/get-verba/1604130/2a00000190b15ddd5dd5d8c33890c5f4ea36/auto_main,https://avatars.mds.yandex.net/get-verba/787013/2a0000016ae13a38b3bc35c0f1a26bf129c1/cattouchret,https://avatars.mds.yandex.net/get-verba/1030388/2a0000017fc6fbc4b749c25a963eb01c03bf/cattouchret,https://avatars.mds.yandex.net/get-verba/216201/2a000001903672b0c00e5ef54573abbcaad0/cattouchret,https://avatars.mds.yandex.net/get-verba/1535139/2a0000017fc6f7609bf34c77361bcf9c74ac/cattouchret,
Haval H9,https://auto.ru/catalog/cars/haval/h9/,II,c 2024 года,https://auto.ru/catalog/cars/haval/h9/20492807/20492830/,https://avatars.mds.yandex.net/get-verba/787013/2a000001609d58b767a92c4b930d86b035f8/auto_main,https://avatars.mds.yandex.net/get-verba/1540742/2a0000017fc6ae53ff18af6cbce26380e8c8/cattouchret,https://avatars.mds.yandex.net/get-verba/1535139/2a0000017fc6ad369f90d56bcf883b083972/cattouchret,https://avatars.mds.yandex.net/get-verba/3587101/2a0000017fc6b693697fd6dc37c8399ee0db/cattouchret,https://avatars.mds.yandex.net/get-verba/787013/2a000001609b9da534ef088d3429509dc771/cattouchret,
Skoda Superb,https://auto.ru/catalog/cars/skoda/superb/,IV,c 2023 года,https://auto.ru/catalog/cars/skoda/superb/23809309/23809364/,https://avatars.mds.yandex.net/get-verba/937147/2a0000018c8283b2fff40766193943495c39/auto_main,https://avatars.mds.yandex.net/get-verba/1030388/2a0000018c872c2ec5b693bfe0c1e0422a7b/cattouchret,https://avatars.mds.yandex.net/get-verba/1540742/2a0000018c872f84606b56b02c0511e90484/cattouchret,https://avatars.mds.yandex.net/get-verba/216201/2a0000018c8731742dc5dc37fe74ee40a4c9/cattouchret,https://avatars.mds.yandex.net/get-verba/216201/2a0000018c877ff71a07e1905f2110084e75/cattouchret,
Skoda Superb,https://auto.ru/catalog/cars/skoda/superb/,IV,c 2023 года,https://auto.ru/catalog/cars/skoda/superb/21619712/21619801/,https://avatars.mds.yandex.net/get-verba/3587101/2a000001908216bd1fc7242b84e654b35f8c/auto_main,https://avatars.mds.yandex.net/get-verba/1030388/2a0000016bdb5e007962758855f6f05166e7/cattouchret,https://avatars.mds.yandex.net/get-verba/1540742/2a0000016bdb5dfed78e6f890f1e47feaf2c/cattouchret,https://avatars.mds.yandex.net/get-verba/787013/2a0000016bdb5e81f6fdeca266a8b540fcab/cattouchret,https://avatars.mds.yandex.net/get-verba/787013/2a0000016bdb5e1f2f2bd3a418c1fb043e8d/cattouchret,
Skoda Superb,https://auto.ru/catalog/cars/skoda/superb/,IV,c 2023 года,https://auto.ru/catalog/cars/skoda/superb/20483375/20483435/,https://avatars.mds.yandex.net/get-verba/787013/2a000001609d5b556b13655b7d779bbd50d8/auto_main,https://avatars.mds.yandex.net/get-verba/1030388/2a000001609d50c1b63f11b1735fa0382686/cattouchret,https://avatars.mds.yandex.net/get-verba/787013/2a000001609cff99ff62878edc267598de40/cattouchret,https://avatars.mds.yandex.net/get-verba/787013/2a000001609d3590a532390d2ba89ff1fdb4/cattouchret,https://avatars.mds.yandex.net/get-verba/787013/2a000001609d0dcbaac564d21a0257a05218/cattouchret,
Skoda Superb,https://auto.ru/catalog/cars/skoda/superb/,IV,c 2023 года,https://auto.ru/catalog/cars/skoda/superb/20025930/20025933/,https://avatars.mds.yandex.net/get-verba/787013/2a00000190de4c2679b9d4064fac989f0911/auto_main,https://avatars.mds.yandex.net/get-verba/216201/2a000001609d408780d5f01a9f5d763a1106/cattouchret,https://avatars.mds.yandex.net/get-verba/3587101/2a00000185116ddb880bb02de601ba740e60/cattouchret,https://avatars.mds.yandex.net/get-verba/1030388/2a00000185116dbc25687153b49941d89ca5/cattouchret,https://avatars.mds.yandex.net/get-verba/216201/2a00000185116e05bbe51ce60678e1d1ead3/cattouchret,
Skoda Superb,https://auto.ru/catalog/cars/skoda/superb/,IV,c 2023 года,https://auto.ru/catalog/cars/skoda/superb/2309235/2309236/,https://avatars.mds.yandex.net/get-verba/1540742/2a000001852b21d622c1548f1ca84e039485/auto_main,https://avatars.mds.yandex.net/get-verba/997355/2a000001852b2442c697762bf4805ebf1c4a/cattouchret,https://avatars.mds.yandex.net/get-verba/1030388/2a000001852b244bb90a3886bdcb9f0e746e/cattouchret,https://avatars.mds.yandex.net/get-verba/997355/2a000001852b2453e4ca8ccbfff138a6d6d6/cattouchret,https://avatars.mds.yandex.net/get-verba/1604130/2a000001852b245d502c2d703d826501f9a0/cattouchret,
Skoda Superb,https://auto.ru/catalog/cars/skoda/superb/,IV,c 2023 года,https://auto.ru/catalog/cars/skoda/superb/3480866/3480867/,https://avatars.mds.yandex.net/get-verba/997355/2a000001852ecd18ff10204b96820fc44094/auto_main,https://avatars.mds.yandex.net/get-verba/937147/2a000001852ecde32970e1f810844c8aacdd/cattouchret,,https://avatars.mds.yandex.net/get-verba/787013/2a000001609cfe22fc64c44074c32c8c1020/cattouchret,https://avatars.mds.yandex.net/get-verba/1030388/2a000001609d65b941c9e5c4f562ceeafb04/cattouchret,front缺失
Skoda Superb,https://auto.ru/catalog/cars/skoda/superb/,IV,c 2023 года,https://auto.ru/catalog/cars/skoda/superb/7309388/7721526/,https://avatars.mds.yandex.net/get-verba/1540742/2a0000019b26b8f4b3c019677a6af44a8219/auto_main,https://avatars.mds.yandex.net/get-verba/1672712/2a0000019b26c13f64fd6b341269e23be7b5/cattouchret,https://avatars.mds.yandex.net/get-verba/997355/2a000001852ed9ef2f587c977c1d57ce28f1/cattouchret,https://avatars.mds.yandex.net/get-verba/937147/2a0000019b26c668b82ceaa7d502de13502c/cattouchret,https://avatars.mds.yandex.net/get-verba/937147/2a0000019b26c6d8c4d77806bc8a81f4cb07/cattouchret,
Volkswagen Teramont,https://auto.ru/catalog/cars/volkswagen/teramont/,II (China Market),c 2025 года,https://auto.ru/catalog/cars/volkswagen/teramont/24068748/24068755/,https://avatars.mds.yandex.net/get-verba/1535139/2a00000195487484cef454807f1e0c8c54f7/auto_main,https://avatars.mds.yandex.net/get-verba/3587101/2a0000019548748d72f3d7cd0ea90b810572/cattouchret,https://avatars.mds.yandex.net/get-verba/1672712/2a000001954874a0595fb11dc7626b971320/cattouchret,https://avatars.mds.yandex.net/get-verba/216201/2a0000019f1305c354f9830d9eafb6388fc6/cattouch,https://avatars.mds.yandex.net/get-verba/1540742/2a000001954874b4f1fc606126d895281eab/cattouchret,
Volkswagen Teramont,https://auto.ru/catalog/cars/volkswagen/teramont/,II (China Market),c 2025 года,https://auto.ru/catalog/cars/volkswagen/teramont/25069629/25069633/,https://avatars.mds.yandex.net/get-verba/1535139/2a0000019f17cedc60ae86c7b2a35242b278/auto_main,https://avatars.mds.yandex.net/get-verba/1535139/2a0000019f17cef18c7a32fd334dacb18527/cattouchret,https://avatars.mds.yandex.net/get-verba/1535139/2a0000019f17cf11c264782fdf9c3617dcf7/cattouchret,https://avatars.mds.yandex.net/get-verba/1535139/2a0000019f17cfd83e144b45e290e80a1d1b/cattouchret,https://avatars.mds.yandex.net/get-verba/3587101/2a0000019f17cf4e06ba0f765c82c37e9340/cattouchret,
Volkswagen Teramont,https://auto.ru/catalog/cars/volkswagen/teramont/,II (China Market),c 2025 года,https://auto.ru/catalog/cars/volkswagen/teramont/23777686/23777856/,https://avatars.mds.yandex.net/get-verba/1030388/2a0000018c152f5bee5325de0bbb1afda7f3/auto_main,https://avatars.mds.yandex.net/get-verba/937147/2a0000018c152fa9aa66ece4686c0a9e0b0a/cattouchret,https://avatars.mds.yandex.net/get-verba/216201/2a0000018c152fbb8b02e0996d11bf7b1dce/cattouchret,https://avatars.mds.yandex.net/get-verba/3587101/2a0000018c152fca3022ab738ab78b1da7cf/cattouchret,https://avatars.mds.yandex.net/get-verba/997355/2a0000018c152fdac903ae9bfe645add97bc/cattouchret,
Volkswagen Teramont,https://auto.ru/catalog/cars/volkswagen/teramont/,II (China Market),c 2025 года,https://auto.ru/catalog/cars/volkswagen/teramont/22970558/22970602/,https://avatars.mds.yandex.net/get-verba/1604130/2a000001995770354946c50986f112022414/auto_main,https://avatars.mds.yandex.net/get-verba/216201/2a0000018f06a6103c6dc73dac141cdd1387/cattouch,,,https://avatars.mds.yandex.net/get-verba/1030388/2a0000017a9b300d8d74751b0bd7f0cf972b/cattouchret,front/back缺失
Volkswagen Teramont,https://auto.ru/catalog/cars/volkswagen/teramont/,II (China Market),c 2025 года,https://auto.ru/catalog/cars/volkswagen/teramont/21020301/21020379/,https://avatars.mds.yandex.net/get-verba/787013/2a00000190b56d5a12243caca4318183ece6/auto_main,https://avatars.mds.yandex.net/get-verba/787013/2a000001608e6aa18bd758f3c9b8ba717e60/cattouchret,https://avatars.mds.yandex.net/get-verba/787013/2a0000016097d1d50fb2777c4613f36ff225/cattouchret,https://avatars.mds.yandex.net/get-verba/937147/2a0000018f76186095601405bd6e187d1e63/cattouch,https://avatars.mds.yandex.net/get-verba/216201/2a000001608ffa57f01f74c757754b861ef0/cattouchret,
Hongqi HS3,https://auto.ru/catalog/cars/hongqi/hs3/,,c 2023 года,https://auto.ru/catalog/cars/hongqi/hs3/23694386/23694482/,https://avatars.mds.yandex.net/get-verba/1604130/2a00000191e0c83ff41dea6e680553ae94d9/auto_main,https://avatars.mds.yandex.net/get-verba/1672712/2a00000191e0cf60876afd8e18f505ea6f40/cattouchret,https://avatars.mds.yandex.net/get-verba/1535139/2a00000191e0cd8c6a2c9df6e81078c03c34/cattouchret,https://avatars.mds.yandex.net/get-verba/937147/2a00000191b2ba697c52c956e463270f9a34/cattouch,https://avatars.mds.yandex.net/get-verba/1535139/2a00000191e0caac2a05434b72ab8b798536/cattouchret,
Kia Soul,https://auto.ru/catalog/cars/kia/soul/,III Рестайлинг,2022 – 2025,https://auto.ru/catalog/cars/kia/soul/23504791/23504837/,https://avatars.mds.yandex.net/get-verba/216201/2a0000018616e9052cd8284ab94f5b787680/auto_main,https://avatars.mds.yandex.net/get-verba/1540742/2a00000186170134cb476427638fed5cf9ab/cattouch,https://avatars.mds.yandex.net/get-verba/1540742/2a0000018617013c447b11277754bb1724f4/cattouchret,,https://avatars.mds.yandex.net/get-verba/937147/2a00000186170151e1ab1b4ec3519a36e152/cattouch,back缺失
Kia Soul,https://auto.ru/catalog/cars/kia/soul/,III Рестайлинг,2022 – 2025,https://auto.ru/catalog/cars/kia/soul/21551393/21551904/,https://avatars.mds.yandex.net/get-verba/1672712/2a0000016a5347ef68e124a24cdc2e00e7ca/auto_main,https://avatars.mds.yandex.net/get-verba/937147/2a0000016a53589f6900b7ec888723d7adc7/cattouch,https://avatars.mds.yandex.net/get-verba/1540742/2a0000016a5358a9f22d8838412e87e9c04d/cattouch,https://avatars.mds.yandex.net/get-verba/1604130/2a0000016a534b376f18f422e15465374bbc/cattouch,https://avatars.mds.yandex.net/get-verba/1672712/2a0000016a534b3799876e0af635825e6511/cattouch,
Kia Soul,https://auto.ru/catalog/cars/kia/soul/,III Рестайлинг,2022 – 2025,https://auto.ru/catalog/cars/kia/soul/20923366/20923404/,https://avatars.mds.yandex.net/get-verba/937147/2a00000160940b983176c35bc8ddeef23722/auto_main,https://avatars.mds.yandex.net/get-verba/937147/2a000001609125af91645b2efea11e6cc23d/cattouchret,https://avatars.mds.yandex.net/get-verba/1030388/2a000001609848c538c41f4c6fcaec9983d1/cattouchret,https://avatars.mds.yandex.net/get-verba/787013/2a00000160928d475e7a8f8c8bda37535e28/cattouch,https://avatars.mds.yandex.net/get-verba/937147/2a0000016093cffd6970a6709cebbe7cb2d9/cattouch,
Kia Soul,https://auto.ru/catalog/cars/kia/soul/,III Рестайлинг,2022 – 2025,https://auto.ru/catalog/cars/kia/soul/20110752/20110755/,https://avatars.mds.yandex.net/get-verba/787013/2a000001609cec5f3e66c8dc22b68bf74bba/auto_main,https://avatars.mds.yandex.net/get-verba/216201/2a0000018415270fa4b075d6615352527396/cattouchret,https://avatars.mds.yandex.net/get-verba/937147/2a000001841528222c04f02f87fca4edda36/cattouchret,https://avatars.mds.yandex.net/get-verba/216201/2a0000018415292de03aaaee7cc1ba2f2b8e/cattouchret,https://avatars.mds.yandex.net/get-verba/937147/2a00000184152a725622f7cc8a5e9ef7d09c/cattouch,
Kia Soul,https://auto.ru/catalog/cars/kia/soul/,III Рестайлинг,2022 – 2025,https://auto.ru/catalog/cars/kia/soul/7772395/7772396/,https://avatars.mds.yandex.net/get-verba/787013/2a000001609d2d1d468047a069b4d4c60238/auto_main,https://avatars.mds.yandex.net/get-verba/787013/2a000001609cee1f07143d1ba317ad8714bf/cattouchret,,,https://avatars.mds.yandex.net/get-verba/787013/2a000001609c8f98a5b654fc44a3a24e4577/cattouchret,front/back缺失
Kia Soul,https://auto.ru/catalog/cars/kia/soul/,III Рестайлинг,2022 – 2025,https://auto.ru/catalog/cars/kia/soul/4634785/4634786/,https://avatars.mds.yandex.net/get-verba/787013/2a000001609cf201f567c203c52ad9cd08ce/auto_main,https://avatars.mds.yandex.net/get-verba/937147/2a00000184154b838f10e901322ed1abb225/cattouchret,https://avatars.mds.yandex.net/get-verba/216201/2a00000184154c1a458d2ae8135569ab1338/cattouchret,https://avatars.mds.yandex.net/get-verba/216201/2a00000184154ce89741132625fbb48688e7/cattouchret,https://avatars.mds.yandex.net/get-verba/216201/2a00000184154d75bad6e52a994211f0000d/cattouchret,
Mercedes-Benz GLC,https://auto.ru/catalog/cars/mercedes/glc_klasse/,EQ (X540),c 2026 года,https://auto.ru/catalog/cars/mercedes/glc_klasse/24888127/24888133/,https://avatars.mds.yandex.net/get-verba/1540742/2a000001992d7792474d70d8cb1d4792380d/auto_main,https://avatars.mds.yandex.net/get-verba/1540742/2a000001992de04da7764eee9586021991e9/cattouchret,https://avatars.mds.yandex.net/get-verba/997355/2a000001992de05d267029ab69c4fe589f3e/cattouchret,https://avatars.mds.yandex.net/get-verba/1030388/2a000001992de06fa2c89c279f85135df1dd/cattouchret,https://avatars.mds.yandex.net/get-verba/1535139/2a000001992de080c0eddd4dc0bc01eb2b5f/cattouch,
Mercedes-Benz GLC,https://auto.ru/catalog/cars/mercedes/glc_klasse/,EQ (X540),c 2026 года,https://auto.ru/catalog/cars/mercedes/glc_klasse/23296353/23296406/,https://avatars.mds.yandex.net/get-verba/937147/2a00000181726cc2a15969a35acf90182efd/auto_main,https://avatars.mds.yandex.net/get-verba/216201/2a0000018172728e4504494ad52dbdbb36e4/cattouchret,https://avatars.mds.yandex.net/get-verba/1030388/2a00000181727291d24a21fb0065ca3067b0/cattouchret,https://avatars.mds.yandex.net/get-verba/216201/2a0000018172729bb0123833919063fdf350/cattouchret,https://avatars.mds.yandex.net/get-verba/3587101/2a000001817272a8579e6ae16a1abf659d50/cattouch,
Mercedes-Benz GLC,https://auto.ru/catalog/cars/mercedes/glc_klasse/,EQ (X540),c 2026 года,https://auto.ru/catalog/cars/mercedes/glc_klasse/21558856/21558977/,https://avatars.mds.yandex.net/get-verba/1540742/2a0000016a96cccf7cf20b6720a0f937d22d/auto_main,https://avatars.mds.yandex.net/get-verba/937147/2a0000016a96cfec8582157fffa7a10fde21/cattouchret,https://avatars.mds.yandex.net/get-verba/997355/2a0000016a96cfe5f88e91e63f788774abf5/cattouchret,https://avatars.mds.yandex.net/get-verba/937147/2a0000016a96cfef1dc5493044e96d43e632/cattouchret,https://avatars.mds.yandex.net/get-verba/1540742/2a0000016a96d021eeef51f859e4ff09dfd6/cattouch,
Mercedes-Benz GLC,https://auto.ru/catalog/cars/mercedes/glc_klasse/,EQ (X540),c 2026 года,https://auto.ru/catalog/cars/mercedes/glc_klasse/20628117/20628157/,https://avatars.mds.yandex.net/get-verba/1672712/2a0000017fe0d77bb21b7b9e5ce314a3d517/auto_main,https://avatars.mds.yandex.net/get-verba/997355/2a0000017fe0d59fe7cbef7b0ef5c4b5de15/cattouchret,https://avatars.mds.yandex.net/get-verba/1604130/2a0000017fe0d5c819092f6842935ab6176c/cattouchret,https://avatars.mds.yandex.net/get-verba/997355/2a0000017fe0d43c9454efc6bd4f6fc6c0b5/cattouchret,https://avatars.mds.yandex.net/get-verba/787013/2a0000017fe0d574c06ed1e8c8a6c8f10de6/cattouch,
Datsun on-DO,https://auto.ru/catalog/cars/datsun/on_do/,I Рестайлинг,2019 – 2020,https://auto.ru/catalog/cars/datsun/on_do/21768084/21768131/,https://avatars.mds.yandex.net/get-verba/787013/2a0000016febc04bf1d1b87d562d05c51ddd/auto_main,https://avatars.mds.yandex.net/get-verba/937147/2a0000016fcd6bf370377ed4ab35a081efe4/cattouchret,https://avatars.mds.yandex.net/get-verba/937147/2a0000016fcd6bd85fa7964d7081fa0b786e/cattouchret,,https://avatars.mds.yandex.net/get-verba/1540742/2a0000016fcd6c66aa4be64b4176c7434c0b/cattouchret,back缺失
Datsun on-DO,https://auto.ru/catalog/cars/datsun/on_do/,I Рестайлинг,2019 – 2020,https://auto.ru/catalog/cars/datsun/on_do/20175217/20175237/,https://avatars.mds.yandex.net/get-verba/216201/2a000001609cfbc5b1a6afd3bc5a2260e2c7/auto_main,https://avatars.mds.yandex.net/get-verba/216201/2a000001609d44cc52a4876ab7a208b38c14/cattouchret,https://avatars.mds.yandex.net/get-verba/787013/2a000001609d3ffaefce866c6b38b6959405/cattouchret,https://avatars.mds.yandex.net/get-verba/1030388/2a000001609ced9a1d3ba0f7214dcd2c687a/cattouchret,https://avatars.mds.yandex.net/get-verba/787013/2a0000016099e16875af33733dd803ef0524/cattouchret,
Skoda Kodiaq,https://auto.ru/catalog/cars/skoda/kodiaq/,II,c 2023 года,https://auto.ru/catalog/cars/skoda/kodiaq/23794720/23795084/,https://avatars.mds.yandex.net/get-verba/1604130/2a00000198bcb21257f69ec230917fe3d0c2/auto_main,https://avatars.mds.yandex.net/get-verba/997355/2a0000018c5cb670085cc57519eb76d94237/cattouch,https://avatars.mds.yandex.net/get-verba/1030388/2a0000018c5cb67e636d219a2812e9277ead/cattouch,https://avatars.mds.yandex.net/get-verba/1030388/2a0000018c5cc47a4f11be890ec6c28d8475/cattouch,https://avatars.mds.yandex.net/get-verba/997355/2a0000018c5cc4e37a84dc2b4960284c7be2/cattouch,
Skoda Kodiaq,https://auto.ru/catalog/cars/skoda/kodiaq/,II,c 2023 года,https://auto.ru/catalog/cars/skoda/kodiaq/22990108/22990175/,https://avatars.mds.yandex.net/get-verba/216201/2a0000017af148d2764b77a3015c5163e2c4/auto_main,https://avatars.mds.yandex.net/get-verba/216201/2a0000017af14aba6c460302e0d11679ed2c/cattouch,https://avatars.mds.yandex.net/get-verba/216201/2a0000017af14ac0650d4001903177287be7/cattouch,https://avatars.mds.yandex.net/get-verba/997355/2a0000017af14ac73958287846e9d9f730ce/cattouch,https://avatars.mds.yandex.net/get-verba/1540742/2a0000017af14acfa369b8d1c935144323b6/cattouch,
Skoda Kodiaq,https://auto.ru/catalog/cars/skoda/kodiaq/,II,c 2023 года,https://auto.ru/catalog/cars/skoda/kodiaq/20839003/20839055/,https://avatars.mds.yandex.net/get-verba/3587101/2a00000190b556cdf5c4fd0f95234d59a4f3/auto_main,https://avatars.mds.yandex.net/get-verba/1030388/2a00000160971e5b09071d3d96697adca8e7/cattouch,https://avatars.mds.yandex.net/get-verba/787013/2a00000160935766c3f4374b8fd69ec3d473/cattouch,https://avatars.mds.yandex.net/get-verba/1030388/2a0000016090ad7e65b3b6cb24b39a9548ad/cattouch,https://avatars.mds.yandex.net/get-verba/1030388/2a000001609215db78edc1b02c8ff4378b48/cattouch,
Toyota Vitz,https://auto.ru/catalog/cars/toyota/vitz/,III (XP130) Рестайлинг 2,2017 – 2020,https://auto.ru/catalog/cars/toyota/vitz/23019844/23019888/,https://avatars.mds.yandex.net/get-verba/216201/2a0000017b548e0a0c17cece66fa6733506d/auto_main,,https://avatars.mds.yandex.net/get-verba/216201/2a00000180d6a440a2ecc58646123fd670c7/cattouchret,https://avatars.mds.yandex.net/get-verba/1030388/2a00000180d6a44752f7b02c0c0abf556058/cattouch,https://avatars.mds.yandex.net/get-verba/1030388/2a00000180d6a3e81951698a60c25937a823/cattouch,side缺失
Toyota Vitz,https://auto.ru/catalog/cars/toyota/vitz/,III (XP130) Рестайлинг 2,2017 – 2020,https://auto.ru/catalog/cars/toyota/vitz/20811712/20811743/,https://avatars.mds.yandex.net/get-verba/1030388/2a0000019bb6e1713212a069f109334ae75d/auto_main,https://avatars.mds.yandex.net/get-verba/997355/2a00000180d1cc744a04b82f1fb0b18825f9/cattouchret,https://avatars.mds.yandex.net/get-verba/1672712/2a0000019bb6e53d159af2d5a52b256e4d3b/cattouchret,,,back/3_4_behind缺失
Toyota Vitz,https://auto.ru/catalog/cars/toyota/vitz/,III (XP130) Рестайлинг 2,2017 – 2020,https://auto.ru/catalog/cars/toyota/vitz/9345334/9345338/,https://avatars.mds.yandex.net/get-verba/1030388/2a0000019bb74121a098cfcb1f3c580d7c3e/auto_main,,https://avatars.mds.yandex.net/get-verba/937147/2a0000019bb75137f4163346c286588220af/cattouchret,,https://avatars.mds.yandex.net/get-verba/1604130/2a00000180d6dc34e775e9f6c8e2b75de974/cattouchret,side/back缺失
Toyota Vitz,https://auto.ru/catalog/cars/toyota/vitz/,III (XP130) Рестайлинг 2,2017 – 2020,https://auto.ru/catalog/cars/toyota/vitz/9345316/9345322/,https://avatars.mds.yandex.net/get-verba/937147/2a00000199d4549584c9b251c439e5e68a2f/auto_main,https://avatars.mds.yandex.net/get-verba/1030388/2a000001609d3aab87855ac2321880688c97/cattouchret,https://avatars.mds.yandex.net/get-verba/1030388/2a00000199d45815d2483776e9640f41074c/cattouchret,,https://avatars.mds.yandex.net/get-verba/787013/2a000001609d4653c871f5a9b3b574c20eda/cattouchret,back缺失
Toyota Vitz,https://auto.ru/catalog/cars/toyota/vitz/,III (XP130) Рестайлинг 2,2017 – 2020,https://auto.ru/catalog/cars/toyota/vitz/8306666/9345295/,https://avatars.mds.yandex.net/get-verba/787013/2a000001609d0d01ee0183b172906c568564/auto_main,,,,https://avatars.mds.yandex.net/get-verba/787013/2a000001609b9e0bb7dd14b78e525f6eea6b/cattouchret,side/front/back缺失
Nissan Tiida,https://auto.ru/catalog/cars/nissan/tiida/,II (China Market),c 2016 года,https://auto.ru/catalog/cars/nissan/tiida/23685171/23685204/,https://avatars.mds.yandex.net/get-verba/997355/2a0000018a2be0fe372200e5fa2d9d5dd333/auto_main,https://avatars.mds.yandex.net/get-verba/997355/2a0000018a2be64801a8ba8cb4cb033bf5e1/cattouchret,https://avatars.mds.yandex.net/get-verba/3587101/2a0000018a2be64f8f4c7478a18832736714/cattouchret,https://avatars.mds.yandex.net/get-verba/1030388/2a0000018a2be65ee15be79a363bcb7f6af5/cattouchret,https://avatars.mds.yandex.net/get-verba/3587101/2a0000018a2be666fcf2d01609f2945dd907/cattouch,
Nissan Tiida,https://auto.ru/catalog/cars/nissan/tiida/,II (China Market),c 2016 года,https://auto.ru/catalog/cars/nissan/tiida/20506271/20506293/,https://avatars.mds.yandex.net/get-verba/216201/2a00000160980caa65744dd07aad052e78af/auto_main,https://avatars.mds.yandex.net/get-verba/937147/2a000001608d69f5abb30b0eef2ac83c717c/cattouchret,https://avatars.mds.yandex.net/get-verba/1030388/2a0000016091610c27402d5f5394de4d3a22/cattouchret,https://avatars.mds.yandex.net/get-verba/1030388/2a00000160971db5a9bfd4ce8b180b22ebf3/cattouchret,https://avatars.mds.yandex.net/get-verba/1030388/2a00000160971dc9c9f34c91b97cc07dc5d2/cattouchret,
Nissan Tiida,https://auto.ru/catalog/cars/nissan/tiida/,II (China Market),c 2016 года,https://auto.ru/catalog/cars/nissan/tiida/2308102/2308103/,https://avatars.mds.yandex.net/get-verba/787013/2a000001609d51442c2f32ba4137d067c1ed/auto_main,https://avatars.mds.yandex.net/get-verba/216201/2a00000184cf3c2e7429fc136a79047a41d9/cattouchret,https://avatars.mds.yandex.net/get-verba/937147/2a00000184cf3e67b3d54e53b289ab3e00b3/cattouchret,https://avatars.mds.yandex.net/get-verba/1540742/2a00000184cf3f7ffd504336a52c1b16cc9e/cattouchret,https://avatars.mds.yandex.net/get-verba/997355/2a00000184cf4165cd2a0bc728cac71adb77/cattouchret,
Nissan Tiida,https://auto.ru/catalog/cars/nissan/tiida/,II (China Market),c 2016 года,https://auto.ru/catalog/cars/nissan/tiida/7894187/7896234/,https://avatars.mds.yandex.net/get-verba/1030388/2a00000199d441009a472a8a2c7de08f40e0/auto_main,https://avatars.mds.yandex.net/get-verba/1672712/2a00000199d44eaa67c7b8211d99e5553610/cattouchret,https://avatars.mds.yandex.net/get-verba/1030388/2a00000199d44eb206dae158cdfd5ffe84c8/cattouchret,https://avatars.mds.yandex.net/get-verba/1672712/2a00000199d44eb9e212daaaf3726ed2d4fb/cattouchret,https://avatars.mds.yandex.net/get-verba/787013/2a000001609cf78e537a8ce09d7decffa486/cattouchret,
Skoda Yeti,https://auto.ru/catalog/cars/skoda/yeti/,I Рестайлинг,2013 – 2018,https://auto.ru/catalog/cars/skoda/yeti/20078038/20089126/,https://avatars.mds.yandex.net/get-verba/216201/2a00000190bb7fdbe9fe02fd80f0f293dc84/auto_main,https://avatars.mds.yandex.net/get-verba/787013/2a000001609d5456a528c65d0b4e981bc76d/cattouchret,https://avatars.mds.yandex.net/get-verba/1030388/2a000001609d630f60c7627e05aa670efa30/cattouchret,https://avatars.mds.yandex.net/get-verba/1030388/2a000001852f180b64b9bf9ef088fdc706dd/cattouchret,https://avatars.mds.yandex.net/get-verba/787013/2a000001609d5251c7b60ab51ba8b0d3262f/cattouch,
Skoda Yeti,https://auto.ru/catalog/cars/skoda/yeti/,I Рестайлинг,2013 – 2018,https://auto.ru/catalog/cars/skoda/yeti/6038909/6038917/,https://avatars.mds.yandex.net/get-verba/216201/2a000001609d461489aff85c335b42657ab9/auto_main,https://avatars.mds.yandex.net/get-verba/1672712/2a000001852f638c73a8dd3cc255d058ec7d/cattouchret,https://avatars.mds.yandex.net/get-verba/937147/2a000001852f6392f2fafec1c78a0c6f530d/cattouchret,https://avatars.mds.yandex.net/get-verba/1672712/2a000001852f639d57ba811f24e8378bbcbd/cattouchret,https://avatars.mds.yandex.net/get-verba/1540742/2a000001852f63a65fccca5b4ec495c1ef8b/cattouchret,
Lynk & Co 900,https://auto.ru/catalog/cars/lynk_co/900/,,c 2025 года,https://auto.ru/catalog/cars/lynk_co/900/24054071/24054083/,https://avatars.mds.yandex.net/get-verba/997355/2a0000019a7849beb3a7e98d6ba1247e5472/auto_main,https://avatars.mds.yandex.net/get-verba/1535139/2a000001946ed8f944e02429d696bd181a1f/cattouchret,https://avatars.mds.yandex.net/get-verba/1535139/2a000001946ed9064cfce5f2fe1163ad85fc/cattouchret,https://avatars.mds.yandex.net/get-verba/1604130/2a000001946f032d36d5d53b00223f844179/cattouchret,https://avatars.mds.yandex.net/get-verba/1535139/2a000001946ed91a49ab3c3b51484bf7f166/cattouchret,
Kia Spectra,https://auto.ru/catalog/cars/kia/spectra/,I Рестайлинг 2,2004 – 2011,https://auto.ru/catalog/cars/kia/spectra/2307256/2307257/,https://avatars.mds.yandex.net/get-verba/787013/2a000001609d63e1246ef56fe31d3dfaed9a/auto_main,https://avatars.mds.yandex.net/get-verba/216201/2a00000184156060bccdbb67838d3ea0d8d6/cattouchret,https://avatars.mds.yandex.net/get-verba/216201/2a000001841561eb8a383697601cc2cc2811/cattouchret,https://avatars.mds.yandex.net/get-verba/216201/2a0000018415626623681438d8ec170d1716/cattouchret,https://avatars.mds.yandex.net/get-verba/937147/2a000001841563308fbfeaf38598b83c9994/cattouch,
Kia Spectra,https://auto.ru/catalog/cars/kia/spectra/,I Рестайлинг 2,2004 – 2011,https://auto.ru/catalog/cars/kia/spectra/21129042/21129284/,,,,,,main/side/front/back/3_4_behind缺失
Kia Spectra,https://auto.ru/catalog/cars/kia/spectra/,I Рестайлинг 2,2004 – 2011,https://auto.ru/catalog/cars/kia/spectra/21130626/21130812/,https://avatars.mds.yandex.net/get-verba/787013/2a0000016090ad03e9d987ef938c5c504a05/auto_main,https://avatars.mds.yandex.net/get-verba/1540742/2a0000019add5b9315d1e5f49d8458af4c0d/cattouchret,,https://avatars.mds.yandex.net/get-verba/1540742/2a0000019add5b77ff7cd6c5d691c5c323c4/cattouchret,https://avatars.mds.yandex.net/get-verba/1540742/2a0000019add5b847e01354eb014987419d2/cattouchret,front缺失
Kia Spectra,https://auto.ru/catalog/cars/kia/spectra/,I Рестайлинг 2,2004 – 2011,https://auto.ru/catalog/cars/kia/spectra/21129047/21130707/,https://avatars.mds.yandex.net/get-verba/1030388/2a0000016095f280a241fba65d512dc39926/auto_main,,,,,side/front/back/3_4_behind缺失
Land Rover Discovery,https://auto.ru/catalog/cars/land_rover/discovery/,V Рестайлинг,c 2020 года,https://auto.ru/catalog/cars/land_rover/discovery/22617266/22617345/,https://avatars.mds.yandex.net/get-verba/216201/2a00000175b66e036dd86ba748bb4e342d7f/auto_main,https://avatars.mds.yandex.net/get-verba/997355/2a00000175b74ccad3a757340594101610b2/cattouchret,https://avatars.mds.yandex.net/get-verba/1540742/2a00000175b74cd8f9803453e3f6ab8047a2/cattouchret,https://avatars.mds.yandex.net/get-verba/787013/2a00000175b74ce6d5ab3de7da914b633d44/cattouchret,https://avatars.mds.yandex.net/get-verba/1030388/2a00000175b74cfb549f8afa379ea1fd4f2f/cattouchret,
Land Rover Discovery,https://auto.ru/catalog/cars/land_rover/discovery/,V Рестайлинг,c 2020 года,https://auto.ru/catalog/cars/land_rover/discovery/20846915/20846956/,https://avatars.mds.yandex.net/get-verba/787013/2a000001609668e130724cb19a357b6bd8c8/auto_main,https://avatars.mds.yandex.net/get-verba/787013/2a0000016096a71d18add9e55f94877d2e96/cattouchret,https://avatars.mds.yandex.net/get-verba/1030388/2a000001609759b4d3db7376d87644ee04ae/cattouchret,https://avatars.mds.yandex.net/get-verba/1030388/2a0000016096e1f030a6376ec0c21bc36ebc/cattouchret,https://avatars.mds.yandex.net/get-verba/216201/2a00000160907111bbcc927b3a620fc8521b/cattouchret,
Land Rover Discovery,https://auto.ru/catalog/cars/land_rover/discovery/,V Рестайлинг,c 2020 года,https://auto.ru/catalog/cars/land_rover/discovery/20102736/20102740/,https://avatars.mds.yandex.net/get-verba/937147/2a000001806f0c3b96de7b46714909ee8968/auto_main,https://avatars.mds.yandex.net/get-verba/1030388/2a000001806f108ef44915e3a27173283c64/cattouchret,https://avatars.mds.yandex.net/get-verba/1604130/2a000001807008e7992b870c90b14954231f/cattouchret,,https://avatars.mds.yandex.net/get-verba/1535139/2a000001807009a53fbadd94bf0caad66bea/cattouchret,back缺失
Land Rover Discovery,https://auto.ru/catalog/cars/land_rover/discovery/,V Рестайлинг,c 2020 года,https://auto.ru/catalog/cars/land_rover/discovery/5057280/5057292/,https://avatars.mds.yandex.net/get-verba/787013/2a000001609ce4fcff95c2a6bfd775d49a01/auto_main,https://avatars.mds.yandex.net/get-verba/997355/2a000001841fe630362cb8ce8a7c41ab4d9f/cattouchret,https://avatars.mds.yandex.net/get-verba/216201/2a000001841fe704b67232a99d72f005ee56/cattouchret,https://avatars.mds.yandex.net/get-verba/997355/2a000001841fe78025748cab1d4f6355e1b6/cattouchret,https://avatars.mds.yandex.net/get-verba/216201/2a000001841fe8a2e3e4a17706435720be2c/cattouchret,
Land Rover Discovery,https://auto.ru/catalog/cars/land_rover/discovery/,V Рестайлинг,c 2020 года,https://auto.ru/catalog/cars/land_rover/discovery/2307388/2307389/,https://avatars.mds.yandex.net/get-verba/787013/2a000001609d58583f6979dd6f211e275104/auto_main,https://avatars.mds.yandex.net/get-verba/3587101/2a000001841ea0aba4ec635cd1055a73dad8/cattouchret,https://avatars.mds.yandex.net/get-verba/1030388/2a000001841e9fad9c1c0591ee7bfa07a57c/cattouchret,,https://avatars.mds.yandex.net/get-verba/216201/2a000001841e9d5e3c58330d2767202bcc15/cattouchret,back缺失
Land Rover Discovery,https://auto.ru/catalog/cars/land_rover/discovery/,V Рестайлинг,c 2020 года,https://auto.ru/catalog/cars/land_rover/discovery/3483812/4760181/,https://avatars.mds.yandex.net/get-verba/1030388/2a000001609d609979636c6b0877d23bfb8e/auto_main,https://avatars.mds.yandex.net/get-verba/3587101/2a000001841ebabac96f651def5c6caa65ef/cattouchret,https://avatars.mds.yandex.net/get-verba/1030388/2a000001841eb78c187826aca79065d6d517/cattouchret,,https://avatars.mds.yandex.net/get-verba/1604130/2a000001841ebb7cab066527e929a138efe9/cattouchret,back缺失
Land Rover Discovery,https://auto.ru/catalog/cars/land_rover/discovery/,V Рестайлинг,c 2020 года,https://auto.ru/catalog/cars/land_rover/discovery/3483813/6016115/,https://avatars.mds.yandex.net/get-verba/997355/2a0000019d6f158c5b086b574d38aeedfc7f/auto_main,https://avatars.mds.yandex.net/get-verba/216201/2a000001841fc1c0aa1da2c8d8cc9b36e5d5/cattouchret,https://avatars.mds.yandex.net/get-verba/787013/2a000001841fbf9cb36c204652c7e0b44bef/cattouchret,https://avatars.mds.yandex.net/get-verba/937147/2a0000019d6f1ca3ad51dd351c4ebd154c0e/cattouchret,https://avatars.mds.yandex.net/get-verba/216201/2a000001841fbe718efc3143a558e82ee3fa/cattouchret,
Mercedes-Benz GL-Класс,https://auto.ru/catalog/cars/mercedes/gl_klasse/,II (X166),2012 – 2016,https://auto.ru/catalog/cars/mercedes/gl_klasse/8225665/8225668/,https://avatars.mds.yandex.net/get-verba/787013/2a000001609d3ddcf3465adb9f95e9f90289/auto_main,https://avatars.mds.yandex.net/get-verba/1030388/2a000001609d620f698cdb1bf6f488dd9ffd/cattouchret,https://avatars.mds.yandex.net/get-verba/787013/2a000001609cf01c06cd58de432ddc0d4bf6/cattouchret,https://avatars.mds.yandex.net/get-verba/787013/2a000001609d5541da636c9fc4efa7f57c9c/cattouchret,https://avatars.mds.yandex.net/get-verba/787013/2a000001609d0c5016b81b285f7a46610ecd/cattouchret,
Mercedes-Benz GL-Класс,https://auto.ru/catalog/cars/mercedes/gl_klasse/,II (X166),2012 – 2016,https://auto.ru/catalog/cars/mercedes/gl_klasse/4986814/4986815/,https://avatars.mds.yandex.net/get-verba/787013/2a000001609cfbbdd6d1c1e63768f2dc2202/auto_main,https://avatars.mds.yandex.net/get-verba/1604130/2a000001847d0153a0363b4c17c4211e568a/cattouchret,https://avatars.mds.yandex.net/get-verba/787013/2a000001847ef472442384468827c115c934/cattouchret,https://avatars.mds.yandex.net/get-verba/787013/2a000001847ef5215f914a7d5d434daacc34/cattouchret,https://avatars.mds.yandex.net/get-verba/216201/2a0000018480f33ee01543868303bde8c24d/cattouchret,
Mercedes-Benz GL-Класс,https://auto.ru/catalog/cars/mercedes/gl_klasse/,II (X166),2012 – 2016,https://auto.ru/catalog/cars/mercedes/gl_klasse/2307893/2307894/,https://avatars.mds.yandex.net/get-verba/787013/2a000001609d50c6ac118dfa73ac0aeff917/auto_main,https://avatars.mds.yandex.net/get-verba/787013/2a000001847ccfbf4f9a7ebc7ae9d7244884/cattouchret,https://avatars.mds.yandex.net/get-verba/997355/2a000001847cd143fad45a360fbc622bd812/cattouchret,https://avatars.mds.yandex.net/get-verba/216201/2a000001847cd267c831f36dddbbf818e406/cattouchret,https://avatars.mds.yandex.net/get-verba/787013/2a000001847cd408aa5f2aa8befe2d0d7db9/cattouchret,
Toyota Prius,https://auto.ru/catalog/cars/toyota/prius/,V (XW60),c 2022 года,https://auto.ru/catalog/cars/toyota/prius/23507356/23512297/,https://avatars.mds.yandex.net/get-verba/3587101/2a000001864915579ff7564c36df0ac622c7/auto_main,https://avatars.mds.yandex.net/get-verba/1030388/2a0000018649eec64226ada9f703ed650f1d/cattouchret,https://avatars.mds.yandex.net/get-verba/1604130/2a0000018649eed63a6ba02423ac8db53874/cattouchret,,https://avatars.mds.yandex.net/get-verba/937147/2a0000018649ef09b541bb1bfb1e08454c59/cattouchret,back缺失
Toyota Prius,https://auto.ru/catalog/cars/toyota/prius/,V (XW60),c 2022 года,https://auto.ru/catalog/cars/toyota/prius/20702360/20702389/,https://avatars.mds.yandex.net/get-verba/1030388/2a00000160935780b135a55662f0aba4e157/auto_main,https://avatars.mds.yandex.net/get-verba/937147/2a00000160940be46750f2e2828a01ff4e50/cattouchret,https://avatars.mds.yandex.net/get-verba/1030388/2a00000160962deff4811c3c85f353fa60f9/cattouchret,https://avatars.mds.yandex.net/get-verba/1030388/2a00000160919cc3a3596611d87560cd9383/cattouchret,https://avatars.mds.yandex.net/get-verba/787013/2a000001608ff9d606861111654061e48e4a/cattouchret,
Toyota Prius,https://auto.ru/catalog/cars/toyota/prius/,V (XW60),c 2022 года,https://auto.ru/catalog/cars/toyota/prius/23039741/23039792/,https://avatars.mds.yandex.net/get-verba/937147/2a0000017bac31e4767c20c4f4633bcf7237/auto_main,https://avatars.mds.yandex.net/get-verba/997355/2a0000017bac591abda9693d348b0cbc07d0/cattouchret,https://avatars.mds.yandex.net/get-verba/3587101/2a0000017bac592870295417f4d60edd44be/cattouchret,https://avatars.mds.yandex.net/get-verba/787013/2a0000017bac5959c0f44bf3ecf62019ca26/cattouchret,https://avatars.mds.yandex.net/get-verba/997355/2a0000017bac593df4783cc18befa66fdd56/cattouchret,
Toyota Prius,https://auto.ru/catalog/cars/toyota/prius/,V (XW60),c 2022 года,https://auto.ru/catalog/cars/toyota/prius/20489753/20489805/,https://avatars.mds.yandex.net/get-verba/216201/2a00000180c1f4a87c268dcd3e4e7d8e3342/auto_main,https://avatars.mds.yandex.net/get-verba/997355/2a00000180c1f75bf24dbc66d7860c6bc790/cattouchret,https://avatars.mds.yandex.net/get-verba/3587101/2a00000180c1f76d0d8f87996d7977163f17/cattouchret,,https://avatars.mds.yandex.net/get-verba/1030388/2a00000180c1f774179adf9ed88e774b521a/cattouchret,back缺失
Toyota Prius,https://auto.ru/catalog/cars/toyota/prius/,V (XW60),c 2022 года,https://auto.ru/catalog/cars/toyota/prius/5044577/5044578/,https://avatars.mds.yandex.net/get-verba/787013/2a000001609ce98c8cdec511c65c90e1fff4/auto_main,https://avatars.mds.yandex.net/get-verba/1030388/2a00000185407ed8a0d3ca35d01db93706ac/cattouchret,https://avatars.mds.yandex.net/get-verba/3587101/2a00000185407f566617330624cd6e6539de/cattouchret,https://avatars.mds.yandex.net/get-verba/1030388/2a00000185407fe803e3fb4426a0f7ca3b1d/cattouchret,https://avatars.mds.yandex.net/get-verba/3587101/2a0000018540804b771222103287e8c47a11/cattouchret,
Toyota Prius,https://auto.ru/catalog/cars/toyota/prius/,V (XW60),c 2022 года,https://auto.ru/catalog/cars/toyota/prius/21191187/21191232/,https://avatars.mds.yandex.net/get-verba/937147/2a000001611dc4f04b5d039cbf614d7c00f2/auto_main,https://avatars.mds.yandex.net/get-verba/787013/2a000001611dc67190f0b94a06613c956067/cattouchret,https://avatars.mds.yandex.net/get-verba/937147/2a000001611dc67cf5ca9adfce5a42262773/cattouchret,https://avatars.mds.yandex.net/get-verba/787013/2a000001611dc686c3a7ecd52d251b109705/cattouchret,https://avatars.mds.yandex.net/get-verba/216201/2a000001611dc6907e177149ca729e95480d/cattouchret,
Toyota Prius,https://auto.ru/catalog/cars/toyota/prius/,V (XW60),c 2022 года,https://auto.ru/catalog/cars/toyota/prius/2309518/2309519/,https://avatars.mds.yandex.net/get-verba/787013/2a000001609cfa5aed60a5bfb73d2843c25d/auto_main,https://avatars.mds.yandex.net/get-verba/937147/2a000001609d39232245051b371eb8caac44/cattouchret,https://avatars.mds.yandex.net/get-verba/787013/2a000001609d11504ed94bb5a393650af1d3/cattouchret,https://avatars.mds.yandex.net/get-verba/787013/2a000001609c9019a19c5314760aac04cb13/cattouchret,https://avatars.mds.yandex.net/get-verba/216201/2a000001609d2c981d8bc887823eb474bd30/cattouchret,
Toyota Prius,https://auto.ru/catalog/cars/toyota/prius/,V (XW60),c 2022 года,https://auto.ru/catalog/cars/toyota/prius/6397070/6397080/,https://avatars.mds.yandex.net/get-verba/997355/2a0000019afcf0f75a6a4cff2100ad1ee572/auto_main,https://avatars.mds.yandex.net/get-verba/997355/2a0000019afcf11b3843f29973fde780378d/cattouchret,https://avatars.mds.yandex.net/get-verba/1604130/2a0000019afcf13fb0b96e09bf082206e2f3/cattouchret,,https://avatars.mds.yandex.net/get-verba/1540742/2a0000019afcf17837e315914f891bceec06/cattouchret,back缺失
Toyota Prius,https://auto.ru/catalog/cars/toyota/prius/,V (XW60),c 2022 года,https://auto.ru/catalog/cars/toyota/prius/3492946/5140506/,https://avatars.mds.yandex.net/get-verba/787013/2a000001609c169e1ea39e4a65cf9b67a7d8/auto_main,https://avatars.mds.yandex.net/get-verba/787013/2a000001609aad106e2c55cabe9c62df2ef1/cattouchret,https://avatars.mds.yandex.net/get-verba/787013/2a000001609d14fcf04b46df6246439fde1e/cattouchret,,https://avatars.mds.yandex.net/get-verba/787013/2a000001609d2dfd19d6dbf5b41d0feab276/cattouchret,back缺失
GAC GS4,https://auto.ru/catalog/cars/gac/gs4/,,c 2024 года,https://auto.ru/catalog/cars/gac/gs4/24061075/24061079/,https://avatars.mds.yandex.net/get-verba/3587101/2a00000195a7fff661ebbe243273220ab822/auto_main,https://avatars.mds.yandex.net/get-verba/3587101/2a00000195a7fec7d7c083151b2fc174e50b/cattouchret,https://avatars.mds.yandex.net/get-verba/3587101/2a00000195a80240d9da13b93d730692ade2/cattouchret,https://avatars.mds.yandex.net/get-verba/997355/2a000001993912283f9cee449dee932e61f8/cattouch,https://avatars.mds.yandex.net/get-verba/1540742/2a00000199391231cade8e3e923814710dd3/cattouch,
Kia Carnival,https://auto.ru/catalog/cars/kia/carnival/,IV Рестайлинг,c 2023 года,https://auto.ru/catalog/cars/kia/carnival/23835798/23835891/,https://avatars.mds.yandex.net/get-verba/1672712/2a0000018cfdac61f2ae889b758d26090907/auto_main,https://avatars.mds.yandex.net/get-verba/997355/2a0000018d0d0687345c9e433b938b9316bc/cattouchret,,,https://avatars.mds.yandex.net/get-verba/1030388/2a0000018d0d0679c741c5dfd9b912a1dbc0/cattouchret,front/back缺失
Kia Carnival,https://auto.ru/catalog/cars/kia/carnival/,IV Рестайлинг,c 2023 года,https://auto.ru/catalog/cars/kia/carnival/22529041/22529209/,,,,,,main/side/front/back/3_4_behind缺失
Kia Carnival,https://auto.ru/catalog/cars/kia/carnival/,IV Рестайлинг,c 2023 года,https://auto.ru/catalog/cars/kia/carnival/21186381/21186426/,https://avatars.mds.yandex.net/get-verba/216201/2a000001802e1be67747459ead5c36cbe9fd/auto_main,https://avatars.mds.yandex.net/get-verba/3587101/2a000001802e6d02ec0a0b515b56a050d19b/cattouchret,https://avatars.mds.yandex.net/get-verba/1030388/2a000001802e6e563476ba0bdfe8e9fea4dc/cattouchret,,,back/3_4_behind缺失
Kia Carnival,https://auto.ru/catalog/cars/kia/carnival/,IV Рестайлинг,c 2023 года,https://auto.ru/catalog/cars/kia/carnival/2307231/2307232/,https://avatars.mds.yandex.net/get-verba/787013/2a000001609b9d2222192b085f84e40bb8a4/auto_main,,https://avatars.mds.yandex.net/get-verba/216201/2a000001609d31e1e6eae80bfdef6d9458b6/cattouchret,,https://avatars.mds.yandex.net/get-verba/787013/2a000001609d3cc136435cb8efea15540059/cattouchret,side/back缺失
Kia Carnival,https://auto.ru/catalog/cars/kia/carnival/,IV Рестайлинг,c 2023 года,https://auto.ru/catalog/cars/kia/carnival/3483736/4601689/,https://avatars.mds.yandex.net/get-verba/997355/2a0000019a35d3485c3c0dc42c8e1cd369f7/auto_main,https://avatars.mds.yandex.net/get-verba/1540742/2a0000019a35d36a5c170504c70d741a4024/cattouchret,https://avatars.mds.yandex.net/get-verba/1535139/2a0000019a35d38f8b617d4d65faa27f0169/cattouchret,,https://avatars.mds.yandex.net/get-verba/3587101/2a0000019a35d3f3e2ebc53781a0c0e1989f/cattouchret,back缺失
Kia Carnival,https://auto.ru/catalog/cars/kia/carnival/,IV Рестайлинг,c 2023 года,https://auto.ru/catalog/cars/kia/carnival/3483732/4995161/,https://avatars.mds.yandex.net/get-verba/1535139/2a0000019d4d5827b13eecf9bb09d7e8e678/auto_main,,https://avatars.mds.yandex.net/get-verba/1030388/2a000001840afe8b7d70f92455ff62f13689/cattouchret,,https://avatars.mds.yandex.net/get-verba/1672712/2a0000019d6840cb4d9b065a9c16ce02fd34/cattouchret,side/back缺失
Changan CS75 Plus,https://auto.ru/catalog/cars/changan/cs75plus/,IV,c 2024 года,https://auto.ru/catalog/cars/changan/cs75plus/24010288/24010292/,https://avatars.mds.yandex.net/get-verba/997355/2a0000019c22282c8272856ae23b16bd2861/auto_main,https://avatars.mds.yandex.net/get-verba/3587101/2a0000019afdb8a90d9817d435bc45697f88/cattouchret,https://avatars.mds.yandex.net/get-verba/937147/2a0000019c29677c1567bebd629c657173d1/cattouchret,https://avatars.mds.yandex.net/get-verba/937147/2a0000019c29678f13f7b48bfe0dd23394e7/cattouchret,https://avatars.mds.yandex.net/get-verba/937147/2a0000019c2967a035a52c61eeed0aa77b2b/cattouchret,
Changan CS75 Plus,https://auto.ru/catalog/cars/changan/cs75plus/,IV,c 2024 года,https://auto.ru/catalog/cars/changan/cs75plus/24006208/24006212/,https://avatars.mds.yandex.net/get-verba/937147/2a00000191c2c25cdcaeafc76bc14b178995/auto_main,https://avatars.mds.yandex.net/get-verba/937147/2a00000191c2e576716ecc12148bf6c96792/cattouchret,https://avatars.mds.yandex.net/get-verba/787013/2a00000191c2e57e2fbbf6170a8e569bade8/cattouchret,https://avatars.mds.yandex.net/get-verba/937147/2a00000191c2e586df83ef41d6b608e4a8d2/cattouchret,https://avatars.mds.yandex.net/get-verba/937147/2a00000191c2e590efba0c4f39313e192154/cattouchret,
Changan CS75 Plus,https://auto.ru/catalog/cars/changan/cs75plus/,IV,c 2024 года,https://auto.ru/catalog/cars/changan/cs75plus/23647295/23647330/,https://avatars.mds.yandex.net/get-verba/1540742/2a000001893fc6b699644b80d4c10ff2b82f/auto_main,https://avatars.mds.yandex.net/get-verba/3587101/2a000001893fcc36177d431fd785c754b2a4/cattouchret,https://avatars.mds.yandex.net/get-verba/216201/2a000001893fcc40c783d35d5da8b1225e8b/cattouchret,https://avatars.mds.yandex.net/get-verba/1540742/2a000001893fcc45be9b3ffbb9ecd19703c1/cattouchret,https://avatars.mds.yandex.net/get-verba/937147/2a000001893fcc51daeb26903b92eeebf680/cattouch,
Changan CS75 Plus,https://auto.ru/catalog/cars/changan/cs75plus/,IV,c 2024 года,https://auto.ru/catalog/cars/changan/cs75plus/23409184/23409223/,https://avatars.mds.yandex.net/get-verba/1540742/2a000001842f9783c5c86a32c4298639cf09/auto_main,https://avatars.mds.yandex.net/get-verba/1030388/2a000001842f9dca5ab46e96b48c823fcf75/cattouchret,https://avatars.mds.yandex.net/get-verba/216201/2a000001842f9dd2f8c22cea048f1fa1922b/cattouchret,https://avatars.mds.yandex.net/get-verba/1030388/2a000001842f9de687825532e3f197dae635/cattouchret,https://avatars.mds.yandex.net/get-verba/3587101/2a000001842f9de97528265d0cc5bbb04f66/cattouch,
Changan CS75 Plus,https://auto.ru/catalog/cars/changan/cs75plus/,IV,c 2024 года,https://auto.ru/catalog/cars/changan/cs75plus/23588564/23588594/,https://avatars.mds.yandex.net/get-verba/216201/2a000001880f1197cdfe8361e0cd354542c1/auto_main,https://avatars.mds.yandex.net/get-verba/787013/2a000001893f79f10e573524581535674e99/cattouchret,https://avatars.mds.yandex.net/get-verba/3587101/2a000001893f79fec9b88679b1201e116534/cattouchret,,https://avatars.mds.yandex.net/get-verba/1540742/2a000001893f7a14333f7c63a3b03b4f5f54/cattouchret,back缺失
Volkswagen Transporter,https://auto.ru/catalog/cars/volkswagen/transporter/,T7,c 2024 года,https://auto.ru/catalog/cars/volkswagen/transporter/23998492/23998616/,https://avatars.mds.yandex.net/get-verba/1030388/2a0000019cdeee1e10c2e19982e3e103d84f/auto_main,https://avatars.mds.yandex.net/get-verba/216201/2a0000019cdeee75e45eead1b3bd0f3153c1/cattouchret,https://avatars.mds.yandex.net/get-verba/937147/2a0000019cdeee7a6c49bb915cc762ab4410/cattouchret,https://avatars.mds.yandex.net/get-verba/1030388/2a0000019cdeee8438eeae5bcbb4038f15c2/cattouchret,https://avatars.mds.yandex.net/get-verba/997355/2a0000019cdeee8fd42bdf76aef18708795b/cattouch,
Volkswagen Transporter,https://auto.ru/catalog/cars/volkswagen/transporter/,T7,c 2024 года,https://auto.ru/catalog/cars/volkswagen/transporter/21793635/21793706/,https://avatars.mds.yandex.net/get-verba/787013/2a0000019243f1d55d7b5e4937488cb231e3/auto_main,https://avatars.mds.yandex.net/get-verba/1030388/2a0000019243f21e1d7b2f5c2bd7de9cb3cc/cattouchret,https://avatars.mds.yandex.net/get-verba/216201/2a0000019243f22822c5967e4f2701fc2b1b/cattouchret,https://avatars.mds.yandex.net/get-verba/787013/2a0000019243f2350f6c63b1e3ac4f331d08/cattouchret,https://avatars.mds.yandex.net/get-verba/787013/2a0000019243f24fd4d172a2294d738d9a7d/cattouchret,
Volkswagen Transporter,https://auto.ru/catalog/cars/volkswagen/transporter/,T7,c 2024 года,https://auto.ru/catalog/cars/volkswagen/transporter/20624632/20625622/,https://avatars.mds.yandex.net/get-verba/216201/2a00000160953d765af7774ac0e2086ed0f6/auto_main,,https://avatars.mds.yandex.net/get-verba/787013/2a0000016097d19bfc7ad57c7f6a459519ac/cattouchret,,,side/back/3_4_behind缺失
Volkswagen Transporter,https://auto.ru/catalog/cars/volkswagen/transporter/,T7,c 2024 года,https://auto.ru/catalog/cars/volkswagen/transporter/8252143/8252900/,https://avatars.mds.yandex.net/get-verba/1540742/2a0000016b227d5f6388399964e77343739b/auto_main,https://avatars.mds.yandex.net/get-verba/787013/2a0000016b2282c65d9d9a6bc422f43d4e2f/cattouchret,https://avatars.mds.yandex.net/get-verba/1540742/2a0000016b2282d20a798b7f7d4a8b5e444c/cattouchret,,https://avatars.mds.yandex.net/get-verba/937147/2a0000016b2282e9939af07568593dd4b9a3/cattouchret,back缺失
Volkswagen Transporter,https://auto.ru/catalog/cars/volkswagen/transporter/,T7,c 2024 года,https://auto.ru/catalog/cars/volkswagen/transporter/8252142/8252153/,https://avatars.mds.yandex.net/get-verba/1604130/2a0000019a2b138d8a61d42a7ad5a477a365/auto_main,https://avatars.mds.yandex.net/get-verba/3587101/2a0000019a2b13b1de5ddf7c9bd51609314b/cattouchret,https://avatars.mds.yandex.net/get-verba/1540742/2a0000019a2b13c65fa7fbcc71101365ab8a/cattouchret,,https://avatars.mds.yandex.net/get-verba/3587101/2a0000019a2b13e76ef6929bd3291b15e8ef/cattouchret,back缺失
Volkswagen Transporter,https://auto.ru/catalog/cars/volkswagen/transporter/,T7,c 2024 года,https://auto.ru/catalog/cars/volkswagen/transporter/8248504/8248531/,https://avatars.mds.yandex.net/get-verba/1540742/2a0000019a05ecc2aec6068374ed3251db59/auto_main,,,,https://avatars.mds.yandex.net/get-verba/1535139/2a0000019a05edda547408a4cc333806fb96/cattouchret,side/front/back缺失
Volkswagen Transporter,https://auto.ru/catalog/cars/volkswagen/transporter/,T7,c 2024 года,https://auto.ru/catalog/cars/volkswagen/transporter/8248244/8248264/,https://avatars.mds.yandex.net/get-verba/937147/2a0000016b2274e9d6872d77cbef7ba1e3fd/auto_main,,,,,side/front/back/3_4_behind缺失
Mercedes-Benz G-Класс,https://auto.ru/catalog/cars/mercedes/g_klasse/,III (W465) Рестайлинг,c 2024 года,https://auto.ru/catalog/cars/mercedes/g_klasse/23919023/23919082/,https://avatars.mds.yandex.net/get-verba/216201/2a0000018e83e0baed766da6863282e23017/auto_main,https://avatars.mds.yandex.net/get-verba/1030388/2a0000018e841424222c9d374eeb625febf2/cattouchret,https://avatars.mds.yandex.net/get-verba/787013/2a0000018e8414250152db99335885315ef0/cattouchret,https://avatars.mds.yandex.net/get-verba/787013/2a0000018e8414381846abb326f40b58444e/cattouchret,https://avatars.mds.yandex.net/get-verba/216201/2a0000018e8415ee6fe6233a525cad42fcf4/cattouchret,
Mercedes-Benz G-Класс,https://auto.ru/catalog/cars/mercedes/g_klasse/,III (W465) Рестайлинг,c 2024 года,https://auto.ru/catalog/cars/mercedes/g_klasse/21188720/21189094/,https://avatars.mds.yandex.net/get-verba/216201/2a0000016e6e2df0fbd5c262557c87813b8d/auto_main,https://avatars.mds.yandex.net/get-verba/787013/2a00000161000f14c7212c70df1fef5b9908/cattouchret,https://avatars.mds.yandex.net/get-verba/997355/2a00000161000f0e8632a5ec2d6d94ba5a3a/cattouchret,https://avatars.mds.yandex.net/get-verba/1030388/2a00000161000f0f84b001a134cb99322aff/cattouchret,https://avatars.mds.yandex.net/get-verba/997355/2a00000161000f248be43fdeafa03a101c74/cattouchret,
Mercedes-Benz G-Класс,https://auto.ru/catalog/cars/mercedes/g_klasse/,III (W465) Рестайлинг,c 2024 года,https://auto.ru/catalog/cars/mercedes/g_klasse/20632297/20632346/,https://avatars.mds.yandex.net/get-verba/216201/2a00000160988476439265d475749ad87bed/auto_main,,https://avatars.mds.yandex.net/get-verba/216201/2a00000160979594f3c7636624a79319b367/cattouchret,https://avatars.mds.yandex.net/get-verba/787013/2a0000016097d1d8a513f0b691dd6984c4e0/cattouchret,https://avatars.mds.yandex.net/get-verba/787013/2a00000160966a59cf8795e3cab8348244cb/cattouchret,side缺失
Mercedes-Benz G-Класс,https://auto.ru/catalog/cars/mercedes/g_klasse/,III (W465) Рестайлинг,c 2024 года,https://auto.ru/catalog/cars/mercedes/g_klasse/8333031/8333032/,https://avatars.mds.yandex.net/get-verba/787013/2a000001609d2d0f1919b29d9b14d7956ed0/auto_main,https://avatars.mds.yandex.net/get-verba/1030388/2a000001609cf64ddef350cc10ff875e8b85/cattouchret,https://avatars.mds.yandex.net/get-verba/1030388/2a000001609cfb3e0ce8d612b4d06c6ffc1c/cattouchret,https://avatars.mds.yandex.net/get-verba/1030388/2a000001609b627a7a4e457794f590757497/cattouchret,https://avatars.mds.yandex.net/get-verba/787013/2a000001609d38450984f30eb9e8d6611fd7/cattouchret,
Mercedes-Benz G-Класс,https://auto.ru/catalog/cars/mercedes/g_klasse/,III (W465) Рестайлинг,c 2024 года,https://auto.ru/catalog/cars/mercedes/g_klasse/21181995/21182088/,https://avatars.mds.yandex.net/get-verba/937147/2a0000016097fa950889616a8da6c9e45cad/auto_main,https://avatars.mds.yandex.net/get-verba/787013/2a000001609801a34f86eca76729d701e10e/cattouchret,https://avatars.mds.yandex.net/get-verba/937147/2a000001609801ab9d82f9bdb11881f2e4bf/cattouchret,https://avatars.mds.yandex.net/get-verba/216201/2a000001609801b3d211c26e5a54b74c2d53/cattouchret,https://avatars.mds.yandex.net/get-verba/216201/2a000001609801b80db6aefc798419c0f5bd/cattouchret,
Mercedes-Benz G-Класс,https://auto.ru/catalog/cars/mercedes/g_klasse/,III (W465) Рестайлинг,c 2024 года,https://auto.ru/catalog/cars/mercedes/g_klasse/2307900/2307903/,https://avatars.mds.yandex.net/get-verba/997355/2a000001609758157882a1fc10171b23ef65/auto_main,https://avatars.mds.yandex.net/get-verba/216201/2a0000018480fef2f95811ef40d223d61153/cattouchret,https://avatars.mds.yandex.net/get-verba/1030388/2a0000018481001e6e3143cb6649ae50b95a/cattouchret,https://avatars.mds.yandex.net/get-verba/1030388/2a000001848101eca73f071dc0087ce745dd/cattouchret,https://avatars.mds.yandex.net/get-verba/1540742/2a000001848102b4649ca2681ebb30c20686/cattouchret,
Mercedes-Benz G-Класс,https://auto.ru/catalog/cars/mercedes/g_klasse/,III (W465) Рестайлинг,c 2024 года,https://auto.ru/catalog/cars/mercedes/g_klasse/3484116/20470532/,https://avatars.mds.yandex.net/get-verba/3587101/2a0000019ae4c409e068c6f2275645164cd1/auto_main,https://avatars.mds.yandex.net/get-verba/3587101/2a0000019ae4cecd0432852e1dbf68ba0e87/cattouchret,https://avatars.mds.yandex.net/get-verba/3587101/2a0000019ae4d14d75f1fd0bc28f534c1b31/cattouchret,,https://avatars.mds.yandex.net/get-verba/216201/2a000001609d6cc0bd4784bb6808b45f43a3/cattouchret,back缺失
Mercedes-Benz G-Класс,https://auto.ru/catalog/cars/mercedes/g_klasse/,III (W465) Рестайлинг,c 2024 года,https://auto.ru/catalog/cars/mercedes/g_klasse/20891694/20891779/,https://avatars.mds.yandex.net/get-verba/1030388/2a000001609484c1c92a5d94786b5b3fb781/auto_main,https://avatars.mds.yandex.net/get-verba/787013/2a00000160928e29df788751597f06c6ab4b/cattouchret,https://avatars.mds.yandex.net/get-verba/787013/2a000001608d6982919e9c6e182dc45c053f/cattouchret,https://avatars.mds.yandex.net/get-verba/216201/2a000001609795ed36be882c522779d875f9/cattouchret,https://avatars.mds.yandex.net/get-verba/787013/2a0000016091d9dc0b1dc02fdfa8aaf4d548/cattouchret,
Mercedes-Benz G-Класс,https://auto.ru/catalog/cars/mercedes/g_klasse/,III (W465) Рестайлинг,c 2024 года,https://auto.ru/catalog/cars/mercedes/g_klasse/4760268/4760271/,https://avatars.mds.yandex.net/get-verba/787013/2a000001609d3ceb8f367ed542639ba3034c/auto_main,https://avatars.mds.yandex.net/get-verba/1030388/2a0000018481282c84f7046f44f3e6655c04/cattouchret,https://avatars.mds.yandex.net/get-verba/997355/2a000001848128fc5768778366b8fc85be78/cattouchret,,https://avatars.mds.yandex.net/get-verba/787013/2a00000184812a240d4ef9b1ef9387d2ac9a/cattouchret,back缺失
