Rank	Model	link_url	section	generation	body_type	sale_detail	body_type_url
1	Lada (ВАЗ) Granta	https://auto.ru/catalog/cars/vaz/granta/	Lada (ВАЗ) Granta 3.9 1 134 отзыва 2011 – н.в. Седан, лифтбек, хэтчбек 5 дв. и универсал 5 дв. B-класса, передний привод. Робот, механика и автомат. Бензиновые и СУГ двигатели мощностью от 82 до 118 лошадиных сил.	c 2018 годаI Рестайлинг	Седан	9435	https://auto.ru/catalog/cars/vaz/granta/21377296/21377430/
1	Lada (ВАЗ) Granta	https://auto.ru/catalog/cars/vaz/granta/	Lada (ВАЗ) Granta 3.9 1 134 отзыва 2011 – н.в. Седан, лифтбек, хэтчбек 5 дв. и универсал 5 дв. B-класса, передний привод. Робот, механика и автомат. Бензиновые и СУГ двигатели мощностью от 82 до 118 лошадиных сил.	c 2018 годаI Рестайлинг	Лифтбек	4294	https://auto.ru/catalog/cars/vaz/granta/21377296/21377429/
1	Lada (ВАЗ) Granta	https://auto.ru/catalog/cars/vaz/granta/	Lada (ВАЗ) Granta 3.9 1 134 отзыва 2011 – н.в. Седан, лифтбек, хэтчбек 5 дв. и универсал 5 дв. B-класса, передний привод. Робот, механика и автомат. Бензиновые и СУГ двигатели мощностью от 82 до 118 лошадиных сил.	c 2018 годаI Рестайлинг	Универсал 5 дв. Cross	2194	https://auto.ru/catalog/cars/vaz/granta/21377296/21575582/
1	Lada (ВАЗ) Granta	https://auto.ru/catalog/cars/vaz/granta/	Lada (ВАЗ) Granta 3.9 1 134 отзыва 2011 – н.в. Седан, лифтбек, хэтчбек 5 дв. и универсал 5 дв. B-класса, передний привод. Робот, механика и автомат. Бензиновые и СУГ двигатели мощностью от 82 до 118 лошадиных сил.	c 2018 годаI Рестайлинг	Лифтбек Active Cross	326	https://auto.ru/catalog/cars/vaz/granta/21377296/24083464/
1	Lada (ВАЗ) Granta	https://auto.ru/catalog/cars/vaz/granta/	Lada (ВАЗ) Granta 3.9 1 134 отзыва 2011 – н.в. Седан, лифтбек, хэтчбек 5 дв. и универсал 5 дв. B-класса, передний привод. Робот, механика и автомат. Бензиновые и СУГ двигатели мощностью от 82 до 118 лошадиных сил.	c 2018 годаI Рестайлинг	Седан Drive Active/Sportline	288	https://auto.ru/catalog/cars/vaz/granta/21377296/22122155/
1	Lada (ВАЗ) Granta	https://auto.ru/catalog/cars/vaz/granta/	Lada (ВАЗ) Granta 3.9 1 134 отзыва 2011 – н.в. Седан, лифтбек, хэтчбек 5 дв. и универсал 5 дв. B-класса, передний привод. Робот, механика и автомат. Бензиновые и СУГ двигатели мощностью от 82 до 118 лошадиных сил.	c 2018 годаI Рестайлинг	Универсал 5 дв.	264	https://auto.ru/catalog/cars/vaz/granta/21377296/21377432/
1	Lada (ВАЗ) Granta	https://auto.ru/catalog/cars/vaz/granta/	Lada (ВАЗ) Granta 3.9 1 134 отзыва 2011 – н.в. Седан, лифтбек, хэтчбек 5 дв. и универсал 5 дв. B-класса, передний привод. Робот, механика и автомат. Бензиновые и СУГ двигатели мощностью от 82 до 118 лошадиных сил.	c 2018 годаI Рестайлинг	Седан Sport	230	https://auto.ru/catalog/cars/vaz/granta/21377296/23713776/
1	Lada (ВАЗ) Granta	https://auto.ru/catalog/cars/vaz/granta/	Lada (ВАЗ) Granta 3.9 1 134 отзыва 2011 – н.в. Седан, лифтбек, хэтчбек 5 дв. и универсал 5 дв. B-класса, передний привод. Робот, механика и автомат. Бензиновые и СУГ двигатели мощностью от 82 до 118 лошадиных сил.	c 2018 годаI Рестайлинг	Лифтбек Sport	122	https://auto.ru/catalog/cars/vaz/granta/21377296/23713914/
1	Lada (ВАЗ) Granta	https://auto.ru/catalog/cars/vaz/granta/	Lada (ВАЗ) Granta 3.9 1 134 отзыва 2011 – н.в. Седан, лифтбек, хэтчбек 5 дв. и универсал 5 дв. B-класса, передний привод. Робот, механика и автомат. Бензиновые и СУГ двигатели мощностью от 82 до 118 лошадиных сил.	c 2018 годаI Рестайлинг	Лифтбек Drive Active/Sportline	118	https://auto.ru/catalog/cars/vaz/granta/21377296/23615677/
1	Lada (ВАЗ) Granta	https://auto.ru/catalog/cars/vaz/granta/	Lada (ВАЗ) Granta 3.9 1 134 отзыва 2011 – н.в. Седан, лифтбек, хэтчбек 5 дв. и универсал 5 дв. B-класса, передний привод. Робот, механика и автомат. Бензиновые и СУГ двигатели мощностью от 82 до 118 лошадиных сил.	c 2018 годаI Рестайлинг	Хэтчбек 5 дв.	80	https://auto.ru/catalog/cars/vaz/granta/21377296/21377431/
1	Lada (ВАЗ) Granta	https://auto.ru/catalog/cars/vaz/granta/	Lada (ВАЗ) Granta 3.9 1 134 отзыва 2011 – н.в. Седан, лифтбек, хэтчбек 5 дв. и универсал 5 дв. B-класса, передний привод. Робот, механика и автомат. Бензиновые и СУГ двигатели мощностью от 82 до 118 лошадиных сил.	2011 – 2018I	Седан	3584	https://auto.ru/catalog/cars/vaz/granta/7684102/7684152/
1	Lada (ВАЗ) Granta	https://auto.ru/catalog/cars/vaz/granta/	Lada (ВАЗ) Granta 3.9 1 134 отзыва 2011 – н.в. Седан, лифтбек, хэтчбек 5 дв. и универсал 5 дв. B-класса, передний привод. Робот, механика и автомат. Бензиновые и СУГ двигатели мощностью от 82 до 118 лошадиных сил.	2011 – 2018I	Лифтбек	1084	https://auto.ru/catalog/cars/vaz/granta/7684102/20153789/
1	Lada (ВАЗ) Granta	https://auto.ru/catalog/cars/vaz/granta/	Lada (ВАЗ) Granta 3.9 1 134 отзыва 2011 – н.в. Седан, лифтбек, хэтчбек 5 дв. и универсал 5 дв. B-класса, передний привод. Робот, механика и автомат. Бензиновые и СУГ двигатели мощностью от 82 до 118 лошадиных сил.	2011 – 2018I	Седан Sport	165	https://auto.ru/catalog/cars/vaz/granta/7684102/9332323/
3	Ford Focus	https://auto.ru/catalog/cars/ford/focus/	Ford Focus 4.5 2 176 отзывов 1998 – 2025 Седан, хэтчбек 5 дв., универсал 5 дв., купе, хэтчбек 3 дв. и кабриолет C-класса, передний привод. Автомат, механика, робот и вариатор. Бензиновые, дизельные и электрические двигатели мощностью от 75 до 182 лошадиных сил.	2021 – 2025IV Рестайлинг	Универсал 5 дв. Active	14	https://auto.ru/catalog/cars/ford/focus/23075960/23076210/
3	Ford Focus	https://auto.ru/catalog/cars/ford/focus/	Ford Focus 4.5 2 176 отзывов 1998 – 2025 Седан, хэтчбек 5 дв., универсал 5 дв., купе, хэтчбек 3 дв. и кабриолет C-класса, передний привод. Автомат, механика, робот и вариатор. Бензиновые, дизельные и электрические двигатели мощностью от 75 до 182 лошадиных сил.	2021 – 2025IV Рестайлинг	Хэтчбек 5 дв.	4	https://auto.ru/catalog/cars/ford/focus/23075960/23076012/
3	Ford Focus	https://auto.ru/catalog/cars/ford/focus/	Ford Focus 4.5 2 176 отзывов 1998 – 2025 Седан, хэтчбек 5 дв., универсал 5 дв., купе, хэтчбек 3 дв. и кабриолет C-класса, передний привод. Автомат, механика, робот и вариатор. Бензиновые, дизельные и электрические двигатели мощностью от 75 до 182 лошадиных сил.	2021 – 2025IV Рестайлинг	Седан		https://auto.ru/catalog/cars/ford/focus/23075960/23994038/
3	Ford Focus	https://auto.ru/catalog/cars/ford/focus/	Ford Focus 4.5 2 176 отзывов 1998 – 2025 Седан, хэтчбек 5 дв., универсал 5 дв., купе, хэтчбек 3 дв. и кабриолет C-класса, передний привод. Автомат, механика, робот и вариатор. Бензиновые, дизельные и электрические двигатели мощностью от 75 до 182 лошадиных сил.	2020 – 2022IV Рестайлинг (China Market)	Седан	14	https://auto.ru/catalog/cars/ford/focus/24018267/24018287/
3	Ford Focus	https://auto.ru/catalog/cars/ford/focus/	Ford Focus 4.5 2 176 отзывов 1998 – 2025 Седан, хэтчбек 5 дв., универсал 5 дв., купе, хэтчбек 3 дв. и кабриолет C-класса, передний привод. Автомат, механика, робот и вариатор. Бензиновые, дизельные и электрические двигатели мощностью от 75 до 182 лошадиных сил.	2020 – 2022IV Рестайлинг (China Market)	Универсал 5 дв. Shooting Brake	2	https://auto.ru/catalog/cars/ford/focus/24018267/24018271/
3	Ford Focus	https://auto.ru/catalog/cars/ford/focus/	Ford Focus 4.5 2 176 отзывов 1998 – 2025 Седан, хэтчбек 5 дв., универсал 5 дв., купе, хэтчбек 3 дв. и кабриолет C-класса, передний привод. Автомат, механика, робот и вариатор. Бензиновые, дизельные и электрические двигатели мощностью от 75 до 182 лошадиных сил.	2020 – 2022IV Рестайлинг (China Market)	Хэтчбек 5 дв.		https://auto.ru/catalog/cars/ford/focus/24018267/24082582/
3	Ford Focus	https://auto.ru/catalog/cars/ford/focus/	Ford Focus 4.5 2 176 отзывов 1998 – 2025 Седан, хэтчбек 5 дв., универсал 5 дв., купе, хэтчбек 3 дв. и кабриолет C-класса, передний привод. Автомат, механика, робот и вариатор. Бензиновые, дизельные и электрические двигатели мощностью от 75 до 182 лошадиных сил.	2018 – 2022IV	Универсал 5 дв.	92	https://auto.ru/catalog/cars/ford/focus/21253647/21254916/
3	Ford Focus	https://auto.ru/catalog/cars/ford/focus/	Ford Focus 4.5 2 176 отзывов 1998 – 2025 Седан, хэтчбек 5 дв., универсал 5 дв., купе, хэтчбек 3 дв. и кабриолет C-класса, передний привод. Автомат, механика, робот и вариатор. Бензиновые, дизельные и электрические двигатели мощностью от 75 до 182 лошадиных сил.	2018 – 2022IV	Универсал 5 дв. Active	20	https://auto.ru/catalog/cars/ford/focus/21253647/21696554/
3	Ford Focus	https://auto.ru/catalog/cars/ford/focus/	Ford Focus 4.5 2 176 отзывов 1998 – 2025 Седан, хэтчбек 5 дв., универсал 5 дв., купе, хэтчбек 3 дв. и кабриолет C-класса, передний привод. Автомат, механика, робот и вариатор. Бензиновые, дизельные и электрические двигатели мощностью от 75 до 182 лошадиных сил.	2018 – 2022IV	Хэтчбек 5 дв.	12	https://auto.ru/catalog/cars/ford/focus/21253647/21253945/
3	Ford Focus	https://auto.ru/catalog/cars/ford/focus/	Ford Focus 4.5 2 176 отзывов 1998 – 2025 Седан, хэтчбек 5 дв., универсал 5 дв., купе, хэтчбек 3 дв. и кабриолет C-класса, передний привод. Автомат, механика, робот и вариатор. Бензиновые, дизельные и электрические двигатели мощностью от 75 до 182 лошадиных сил.	2018 – 2022IV	Хэтчбек 5 дв. Active	2	https://auto.ru/catalog/cars/ford/focus/21253647/21696521/
3	Ford Focus	https://auto.ru/catalog/cars/ford/focus/	Ford Focus 4.5 2 176 отзывов 1998 – 2025 Седан, хэтчбек 5 дв., универсал 5 дв., купе, хэтчбек 3 дв. и кабриолет C-класса, передний привод. Автомат, механика, робот и вариатор. Бензиновые, дизельные и электрические двигатели мощностью от 75 до 182 лошадиных сил.	2018 – 2022IV	Седан	2	https://auto.ru/catalog/cars/ford/focus/21253647/21782777/
3	Ford Focus	https://auto.ru/catalog/cars/ford/focus/	Ford Focus 4.5 2 176 отзывов 1998 – 2025 Седан, хэтчбек 5 дв., универсал 5 дв., купе, хэтчбек 3 дв. и кабриолет C-класса, передний привод. Автомат, механика, робот и вариатор. Бензиновые, дизельные и электрические двигатели мощностью от 75 до 182 лошадиных сил.	2014 – 2019III Рестайлинг	Универсал 5 дв.	395	https://auto.ru/catalog/cars/ford/focus/20243246/20243256/
3	Ford Focus	https://auto.ru/catalog/cars/ford/focus/	Ford Focus 4.5 2 176 отзывов 1998 – 2025 Седан, хэтчбек 5 дв., универсал 5 дв., купе, хэтчбек 3 дв. и кабриолет C-класса, передний привод. Автомат, механика, робот и вариатор. Бензиновые, дизельные и электрические двигатели мощностью от 75 до 182 лошадиных сил.	2014 – 2019III Рестайлинг	Хэтчбек 5 дв.	391	https://auto.ru/catalog/cars/ford/focus/20243246/20243254/
3	Ford Focus	https://auto.ru/catalog/cars/ford/focus/	Ford Focus 4.5 2 176 отзывов 1998 – 2025 Седан, хэтчбек 5 дв., универсал 5 дв., купе, хэтчбек 3 дв. и кабриолет C-класса, передний привод. Автомат, механика, робот и вариатор. Бензиновые, дизельные и электрические двигатели мощностью от 75 до 182 лошадиных сил.	2014 – 2019III Рестайлинг	Седан	308	https://auto.ru/catalog/cars/ford/focus/20243246/20243255/
3	Ford Focus	https://auto.ru/catalog/cars/ford/focus/	Ford Focus 4.5 2 176 отзывов 1998 – 2025 Седан, хэтчбек 5 дв., универсал 5 дв., купе, хэтчбек 3 дв. и кабриолет C-класса, передний привод. Автомат, механика, робот и вариатор. Бензиновые, дизельные и электрические двигатели мощностью от 75 до 182 лошадиных сил.	2011 – 2015III	Хэтчбек 5 дв.	1571	https://auto.ru/catalog/cars/ford/focus/7306596/7306610/
3	Ford Focus	https://auto.ru/catalog/cars/ford/focus/	Ford Focus 4.5 2 176 отзывов 1998 – 2025 Седан, хэтчбек 5 дв., универсал 5 дв., купе, хэтчбек 3 дв. и кабриолет C-класса, передний привод. Автомат, механика, робот и вариатор. Бензиновые, дизельные и электрические двигатели мощностью от 75 до 182 лошадиных сил.	2011 – 2015III	Седан	1102	https://auto.ru/catalog/cars/ford/focus/7306596/7306625/
3	Ford Focus	https://auto.ru/catalog/cars/ford/focus/	Ford Focus 4.5 2 176 отзывов 1998 – 2025 Седан, хэтчбек 5 дв., универсал 5 дв., купе, хэтчбек 3 дв. и кабриолет C-класса, передний привод. Автомат, механика, робот и вариатор. Бензиновые, дизельные и электрические двигатели мощностью от 75 до 182 лошадиных сил.	2011 – 2015III	Универсал 5 дв.	423	https://auto.ru/catalog/cars/ford/focus/7306596/7810295/
3	Ford Focus	https://auto.ru/catalog/cars/ford/focus/	Ford Focus 4.5 2 176 отзывов 1998 – 2025 Седан, хэтчбек 5 дв., универсал 5 дв., купе, хэтчбек 3 дв. и кабриолет C-класса, передний привод. Автомат, механика, робот и вариатор. Бензиновые, дизельные и электрические двигатели мощностью от 75 до 182 лошадиных сил.	2007 – 2011II Рестайлинг	Седан	1211	https://auto.ru/catalog/cars/ford/focus/2306579/2306701/
3	Ford Focus	https://auto.ru/catalog/cars/ford/focus/	Ford Focus 4.5 2 176 отзывов 1998 – 2025 Седан, хэтчбек 5 дв., универсал 5 дв., купе, хэтчбек 3 дв. и кабриолет C-класса, передний привод. Автомат, механика, робот и вариатор. Бензиновые, дизельные и электрические двигатели мощностью от 75 до 182 лошадиных сил.	2007 – 2011II Рестайлинг	Хэтчбек 5 дв.	1108	https://auto.ru/catalog/cars/ford/focus/2306579/2306688/
3	Ford Focus	https://auto.ru/catalog/cars/ford/focus/	Ford Focus 4.5 2 176 отзывов 1998 – 2025 Седан, хэтчбек 5 дв., универсал 5 дв., купе, хэтчбек 3 дв. и кабриолет C-класса, передний привод. Автомат, механика, робот и вариатор. Бензиновые, дизельные и электрические двигатели мощностью от 75 до 182 лошадиных сил.	2007 – 2011II Рестайлинг	Универсал 5 дв.	236	https://auto.ru/catalog/cars/ford/focus/2306579/2306709/
3	Ford Focus	https://auto.ru/catalog/cars/ford/focus/	Ford Focus 4.5 2 176 отзывов 1998 – 2025 Седан, хэтчбек 5 дв., универсал 5 дв., купе, хэтчбек 3 дв. и кабриолет C-класса, передний привод. Автомат, механика, робот и вариатор. Бензиновые, дизельные и электрические двигатели мощностью от 75 до 182 лошадиных сил.	2007 – 2011II Рестайлинг	Хэтчбек 3 дв.	209	https://auto.ru/catalog/cars/ford/focus/2306579/2306687/
3	Ford Focus	https://auto.ru/catalog/cars/ford/focus/	Ford Focus 4.5 2 176 отзывов 1998 – 2025 Седан, хэтчбек 5 дв., универсал 5 дв., купе, хэтчбек 3 дв. и кабриолет C-класса, передний привод. Автомат, механика, робот и вариатор. Бензиновые, дизельные и электрические двигатели мощностью от 75 до 182 лошадиных сил.	2007 – 2011II Рестайлинг	Кабриолет	1	https://auto.ru/catalog/cars/ford/focus/2306579/2313869/
3	Ford Focus	https://auto.ru/catalog/cars/ford/focus/	Ford Focus 4.5 2 176 отзывов 1998 – 2025 Седан, хэтчбек 5 дв., универсал 5 дв., купе, хэтчбек 3 дв. и кабриолет C-класса, передний привод. Автомат, механика, робот и вариатор. Бензиновые, дизельные и электрические двигатели мощностью от 75 до 182 лошадиных сил.	2007 – 2010II (North America)	Седан	11	https://auto.ru/catalog/cars/ford/focus/23054227/23054379/
3	Ford Focus	https://auto.ru/catalog/cars/ford/focus/	Ford Focus 4.5 2 176 отзывов 1998 – 2025 Седан, хэтчбек 5 дв., универсал 5 дв., купе, хэтчбек 3 дв. и кабриолет C-класса, передний привод. Автомат, механика, робот и вариатор. Бензиновые, дизельные и электрические двигатели мощностью от 75 до 182 лошадиных сил.	2007 – 2010II (North America)	Купе		https://auto.ru/catalog/cars/ford/focus/23054227/23054366/
3	Ford Focus	https://auto.ru/catalog/cars/ford/focus/	Ford Focus 4.5 2 176 отзывов 1998 – 2025 Седан, хэтчбек 5 дв., универсал 5 дв., купе, хэтчбек 3 дв. и кабриолет C-класса, передний привод. Автомат, механика, робот и вариатор. Бензиновые, дизельные и электрические двигатели мощностью от 75 до 182 лошадиных сил.	2004 – 2008II	Седан	1081	https://auto.ru/catalog/cars/ford/focus/3480337/3480352/
3	Ford Focus	https://auto.ru/catalog/cars/ford/focus/	Ford Focus 4.5 2 176 отзывов 1998 – 2025 Седан, хэтчбек 5 дв., универсал 5 дв., купе, хэтчбек 3 дв. и кабриолет C-класса, передний привод. Автомат, механика, робот и вариатор. Бензиновые, дизельные и электрические двигатели мощностью от 75 до 182 лошадиных сил.	2004 – 2008II	Хэтчбек 5 дв.	673	https://auto.ru/catalog/cars/ford/focus/3480337/3480339/
3	Ford Focus	https://auto.ru/catalog/cars/ford/focus/	Ford Focus 4.5 2 176 отзывов 1998 – 2025 Седан, хэтчбек 5 дв., универсал 5 дв., купе, хэтчбек 3 дв. и кабриолет C-класса, передний привод. Автомат, механика, робот и вариатор. Бензиновые, дизельные и электрические двигатели мощностью от 75 до 182 лошадиных сил.	2004 – 2008II	Хэтчбек 3 дв.	238	https://auto.ru/catalog/cars/ford/focus/3480337/3480338/
3	Ford Focus	https://auto.ru/catalog/cars/ford/focus/	Ford Focus 4.5 2 176 отзывов 1998 – 2025 Седан, хэтчбек 5 дв., универсал 5 дв., купе, хэтчбек 3 дв. и кабриолет C-класса, передний привод. Автомат, механика, робот и вариатор. Бензиновые, дизельные и электрические двигатели мощностью от 75 до 182 лошадиных сил.	2004 – 2008II	Универсал 5 дв.	170	https://auto.ru/catalog/cars/ford/focus/3480337/3480360/
3	Ford Focus	https://auto.ru/catalog/cars/ford/focus/	Ford Focus 4.5 2 176 отзывов 1998 – 2025 Седан, хэтчбек 5 дв., универсал 5 дв., купе, хэтчбек 3 дв. и кабриолет C-класса, передний привод. Автомат, механика, робот и вариатор. Бензиновые, дизельные и электрические двигатели мощностью от 75 до 182 лошадиных сил.	2004 – 2008II	Кабриолет		https://auto.ru/catalog/cars/ford/focus/3480337/7339206/
3	Ford Focus	https://auto.ru/catalog/cars/ford/focus/	Ford Focus 4.5 2 176 отзывов 1998 – 2025 Седан, хэтчбек 5 дв., универсал 5 дв., купе, хэтчбек 3 дв. и кабриолет C-класса, передний привод. Автомат, механика, робот и вариатор. Бензиновые, дизельные и электрические двигатели мощностью от 75 до 182 лошадиных сил.	2004 – 2007I Рестайлинг (North America)	Седан	25	https://auto.ru/catalog/cars/ford/focus/23054075/23054136/
3	Ford Focus	https://auto.ru/catalog/cars/ford/focus/	Ford Focus 4.5 2 176 отзывов 1998 – 2025 Седан, хэтчбек 5 дв., универсал 5 дв., купе, хэтчбек 3 дв. и кабриолет C-класса, передний привод. Автомат, механика, робот и вариатор. Бензиновые, дизельные и электрические двигатели мощностью от 75 до 182 лошадиных сил.	2004 – 2007I Рестайлинг (North America)	Универсал 5 дв.	1	https://auto.ru/catalog/cars/ford/focus/23054075/23054183/
3	Ford Focus	https://auto.ru/catalog/cars/ford/focus/	Ford Focus 4.5 2 176 отзывов 1998 – 2025 Седан, хэтчбек 5 дв., универсал 5 дв., купе, хэтчбек 3 дв. и кабриолет C-класса, передний привод. Автомат, механика, робот и вариатор. Бензиновые, дизельные и электрические двигатели мощностью от 75 до 182 лошадиных сил.	2004 – 2007I Рестайлинг (North America)	Хэтчбек 5 дв.		https://auto.ru/catalog/cars/ford/focus/23054075/23054213/
3	Ford Focus	https://auto.ru/catalog/cars/ford/focus/	Ford Focus 4.5 2 176 отзывов 1998 – 2025 Седан, хэтчбек 5 дв., универсал 5 дв., купе, хэтчбек 3 дв. и кабриолет C-класса, передний привод. Автомат, механика, робот и вариатор. Бензиновые, дизельные и электрические двигатели мощностью от 75 до 182 лошадиных сил.	2004 – 2007I Рестайлинг (North America)	Хэтчбек 3 дв.		https://auto.ru/catalog/cars/ford/focus/23054075/23054203/
3	Ford Focus	https://auto.ru/catalog/cars/ford/focus/	Ford Focus 4.5 2 176 отзывов 1998 – 2025 Седан, хэтчбек 5 дв., универсал 5 дв., купе, хэтчбек 3 дв. и кабриолет C-класса, передний привод. Автомат, механика, робот и вариатор. Бензиновые, дизельные и электрические двигатели мощностью от 75 до 182 лошадиных сил.	2001 – 2005I Рестайлинг	Седан	328	https://auto.ru/catalog/cars/ford/focus/7699812/7699813/
3	Ford Focus	https://auto.ru/catalog/cars/ford/focus/	Ford Focus 4.5 2 176 отзывов 1998 – 2025 Седан, хэтчбек 5 дв., универсал 5 дв., купе, хэтчбек 3 дв. и кабриолет C-класса, передний привод. Автомат, механика, робот и вариатор. Бензиновые, дизельные и электрические двигатели мощностью от 75 до 182 лошадиных сил.	2001 – 2005I Рестайлинг	Хэтчбек 5 дв.	141	https://auto.ru/catalog/cars/ford/focus/7699812/7699816/
3	Ford Focus	https://auto.ru/catalog/cars/ford/focus/	Ford Focus 4.5 2 176 отзывов 1998 – 2025 Седан, хэтчбек 5 дв., универсал 5 дв., купе, хэтчбек 3 дв. и кабриолет C-класса, передний привод. Автомат, механика, робот и вариатор. Бензиновые, дизельные и электрические двигатели мощностью от 75 до 182 лошадиных сил.	2001 – 2005I Рестайлинг	Универсал 5 дв.	64	https://auto.ru/catalog/cars/ford/focus/7699812/7699814/
3	Ford Focus	https://auto.ru/catalog/cars/ford/focus/	Ford Focus 4.5 2 176 отзывов 1998 – 2025 Седан, хэтчбек 5 дв., универсал 5 дв., купе, хэтчбек 3 дв. и кабриолет C-класса, передний привод. Автомат, механика, робот и вариатор. Бензиновые, дизельные и электрические двигатели мощностью от 75 до 182 лошадиных сил.	2001 – 2005I Рестайлинг	Хэтчбек 3 дв.	5	https://auto.ru/catalog/cars/ford/focus/7699812/7699815/
3	Ford Focus	https://auto.ru/catalog/cars/ford/focus/	Ford Focus 4.5 2 176 отзывов 1998 – 2025 Седан, хэтчбек 5 дв., универсал 5 дв., купе, хэтчбек 3 дв. и кабриолет C-класса, передний привод. Автомат, механика, робот и вариатор. Бензиновые, дизельные и электрические двигатели мощностью от 75 до 182 лошадиных сил.	1999 – 2004I (North America)	Седан	130	https://auto.ru/catalog/cars/ford/focus/23053967/23054004/
3	Ford Focus	https://auto.ru/catalog/cars/ford/focus/	Ford Focus 4.5 2 176 отзывов 1998 – 2025 Седан, хэтчбек 5 дв., универсал 5 дв., купе, хэтчбек 3 дв. и кабриолет C-класса, передний привод. Автомат, механика, робот и вариатор. Бензиновые, дизельные и электрические двигатели мощностью от 75 до 182 лошадиных сил.	1999 – 2004I (North America)	Универсал 5 дв.	22	https://auto.ru/catalog/cars/ford/focus/23053967/23054024/
3	Ford Focus	https://auto.ru/catalog/cars/ford/focus/	Ford Focus 4.5 2 176 отзывов 1998 – 2025 Седан, хэтчбек 5 дв., универсал 5 дв., купе, хэтчбек 3 дв. и кабриолет C-класса, передний привод. Автомат, механика, робот и вариатор. Бензиновые, дизельные и электрические двигатели мощностью от 75 до 182 лошадиных сил.	1999 – 2004I (North America)	Хэтчбек 5 дв.	9	https://auto.ru/catalog/cars/ford/focus/23053967/23054057/
3	Ford Focus	https://auto.ru/catalog/cars/ford/focus/	Ford Focus 4.5 2 176 отзывов 1998 – 2025 Седан, хэтчбек 5 дв., универсал 5 дв., купе, хэтчбек 3 дв. и кабриолет C-класса, передний привод. Автомат, механика, робот и вариатор. Бензиновые, дизельные и электрические двигатели мощностью от 75 до 182 лошадиных сил.	1999 – 2004I (North America)	Хэтчбек 3 дв.	8	https://auto.ru/catalog/cars/ford/focus/23053967/23054044/
3	Ford Focus	https://auto.ru/catalog/cars/ford/focus/	Ford Focus 4.5 2 176 отзывов 1998 – 2025 Седан, хэтчбек 5 дв., универсал 5 дв., купе, хэтчбек 3 дв. и кабриолет C-класса, передний привод. Автомат, механика, робот и вариатор. Бензиновые, дизельные и электрические двигатели мощностью от 75 до 182 лошадиных сил.	1998 – 2001I	Седан	20	https://auto.ru/catalog/cars/ford/focus/3483450/4760019/
3	Ford Focus	https://auto.ru/catalog/cars/ford/focus/	Ford Focus 4.5 2 176 отзывов 1998 – 2025 Седан, хэтчбек 5 дв., универсал 5 дв., купе, хэтчбек 3 дв. и кабриолет C-класса, передний привод. Автомат, механика, робот и вариатор. Бензиновые, дизельные и электрические двигатели мощностью от 75 до 182 лошадиных сил.	1998 – 2001I	Хэтчбек 5 дв.	19	https://auto.ru/catalog/cars/ford/focus/3483450/4760015/
3	Ford Focus	https://auto.ru/catalog/cars/ford/focus/	Ford Focus 4.5 2 176 отзывов 1998 – 2025 Седан, хэтчбек 5 дв., универсал 5 дв., купе, хэтчбек 3 дв. и кабриолет C-класса, передний привод. Автомат, механика, робот и вариатор. Бензиновые, дизельные и электрические двигатели мощностью от 75 до 182 лошадиных сил.	1998 – 2001I	Универсал 5 дв.	15	https://auto.ru/catalog/cars/ford/focus/3483450/4760023/
3	Ford Focus	https://auto.ru/catalog/cars/ford/focus/	Ford Focus 4.5 2 176 отзывов 1998 – 2025 Седан, хэтчбек 5 дв., универсал 5 дв., купе, хэтчбек 3 дв. и кабриолет C-класса, передний привод. Автомат, механика, робот и вариатор. Бензиновые, дизельные и электрические двигатели мощностью от 75 до 182 лошадиных сил.	1998 – 2001I	Хэтчбек 3 дв.	2	https://auto.ru/catalog/cars/ford/focus/3483450/6283516/
4	Lada (ВАЗ) Vesta	https://auto.ru/catalog/cars/vaz/vesta/	Lada (ВАЗ) Vesta 4.4 742 отзыва 2015 – н.в. Седан и универсал 5 дв. B-класса, передний привод. Робот, механика и вариатор. Бензиновые и СУГ двигатели мощностью от 90 до 147 лошадиных сил.	c 2022 годаI Рестайлинг (NG)	Седан	2834	https://auto.ru/catalog/cars/vaz/vesta/23216223/23216289/
4	Lada (ВАЗ) Vesta	https://auto.ru/catalog/cars/vaz/vesta/	Lada (ВАЗ) Vesta 4.4 742 отзыва 2015 – н.в. Седан и универсал 5 дв. B-класса, передний привод. Робот, механика и вариатор. Бензиновые и СУГ двигатели мощностью от 90 до 147 лошадиных сил.	c 2022 годаI Рестайлинг (NG)	Универсал 5 дв. SW Cross	967	https://auto.ru/catalog/cars/vaz/vesta/23216223/23216324/
4	Lada (ВАЗ) Vesta	https://auto.ru/catalog/cars/vaz/vesta/	Lada (ВАЗ) Vesta 4.4 742 отзыва 2015 – н.в. Седан и универсал 5 дв. B-класса, передний привод. Робот, механика и вариатор. Бензиновые и СУГ двигатели мощностью от 90 до 147 лошадиных сил.	c 2022 годаI Рестайлинг (NG)	Универсал 5 дв. SW	826	https://auto.ru/catalog/cars/vaz/vesta/23216223/23386227/
4	Lada (ВАЗ) Vesta	https://auto.ru/catalog/cars/vaz/vesta/	Lada (ВАЗ) Vesta 4.4 742 отзыва 2015 – н.в. Седан и универсал 5 дв. B-класса, передний привод. Робот, механика и вариатор. Бензиновые и СУГ двигатели мощностью от 90 до 147 лошадиных сил.	c 2022 годаI Рестайлинг (NG)	Седан Cross	388	https://auto.ru/catalog/cars/vaz/vesta/23216223/23602781/
4	Lada (ВАЗ) Vesta	https://auto.ru/catalog/cars/vaz/vesta/	Lada (ВАЗ) Vesta 4.4 742 отзыва 2015 – н.в. Седан и универсал 5 дв. B-класса, передний привод. Робот, механика и вариатор. Бензиновые и СУГ двигатели мощностью от 90 до 147 лошадиных сил.	c 2022 годаI Рестайлинг (NG)	Седан Sport	24	https://auto.ru/catalog/cars/vaz/vesta/23216223/24987374/
4	Lada (ВАЗ) Vesta	https://auto.ru/catalog/cars/vaz/vesta/	Lada (ВАЗ) Vesta 4.4 742 отзыва 2015 – н.в. Седан и универсал 5 дв. B-класса, передний привод. Робот, механика и вариатор. Бензиновые и СУГ двигатели мощностью от 90 до 147 лошадиных сил.	c 2022 годаI Рестайлинг (NG)	Седан Sportline	24	https://auto.ru/catalog/cars/vaz/vesta/23216223/23754680/
4	Lada (ВАЗ) Vesta	https://auto.ru/catalog/cars/vaz/vesta/	Lada (ВАЗ) Vesta 4.4 742 отзыва 2015 – н.в. Седан и универсал 5 дв. B-класса, передний привод. Робот, механика и вариатор. Бензиновые и СУГ двигатели мощностью от 90 до 147 лошадиных сил.	c 2022 годаI Рестайлинг (NG)	Универсал 5 дв. SW Sport	19	https://auto.ru/catalog/cars/vaz/vesta/23216223/24987376/
4	Lada (ВАЗ) Vesta	https://auto.ru/catalog/cars/vaz/vesta/	Lada (ВАЗ) Vesta 4.4 742 отзыва 2015 – н.в. Седан и универсал 5 дв. B-класса, передний привод. Робот, механика и вариатор. Бензиновые и СУГ двигатели мощностью от 90 до 147 лошадиных сил.	c 2022 годаI Рестайлинг (NG)	Универсал 5 дв. SW Sportline	10	https://auto.ru/catalog/cars/vaz/vesta/23216223/23831735/
4	Lada (ВАЗ) Vesta	https://auto.ru/catalog/cars/vaz/vesta/	Lada (ВАЗ) Vesta 4.4 742 отзыва 2015 – н.в. Седан и универсал 5 дв. B-класса, передний привод. Робот, механика и вариатор. Бензиновые и СУГ двигатели мощностью от 90 до 147 лошадиных сил.	2015 – 2022I	Седан	2744	https://auto.ru/catalog/cars/vaz/vesta/20417749/20417777/
4	Lada (ВАЗ) Vesta	https://auto.ru/catalog/cars/vaz/vesta/	Lada (ВАЗ) Vesta 4.4 742 отзыва 2015 – н.в. Седан и универсал 5 дв. B-класса, передний привод. Робот, механика и вариатор. Бензиновые и СУГ двигатели мощностью от 90 до 147 лошадиных сил.	2015 – 2022I	Универсал 5 дв. SW	893	https://auto.ru/catalog/cars/vaz/vesta/20417749/21029589/
4	Lada (ВАЗ) Vesta	https://auto.ru/catalog/cars/vaz/vesta/	Lada (ВАЗ) Vesta 4.4 742 отзыва 2015 – н.в. Седан и универсал 5 дв. B-класса, передний привод. Робот, механика и вариатор. Бензиновые и СУГ двигатели мощностью от 90 до 147 лошадиных сил.	2015 – 2022I	Универсал 5 дв. SW Cross	791	https://auto.ru/catalog/cars/vaz/vesta/20417749/21029554/
4	Lada (ВАЗ) Vesta	https://auto.ru/catalog/cars/vaz/vesta/	Lada (ВАЗ) Vesta 4.4 742 отзыва 2015 – н.в. Седан и универсал 5 дв. B-класса, передний привод. Робот, механика и вариатор. Бензиновые и СУГ двигатели мощностью от 90 до 147 лошадиных сил.	2015 – 2022I	Седан Cross	113	https://auto.ru/catalog/cars/vaz/vesta/20417749/21289276/
4	Lada (ВАЗ) Vesta	https://auto.ru/catalog/cars/vaz/vesta/	Lada (ВАЗ) Vesta 4.4 742 отзыва 2015 – н.в. Седан и универсал 5 дв. B-класса, передний привод. Робот, механика и вариатор. Бензиновые и СУГ двигатели мощностью от 90 до 147 лошадиных сил.	2015 – 2022I	Седан Sport	53	https://auto.ru/catalog/cars/vaz/vesta/20417749/21336545/
5	Kia Rio	https://auto.ru/catalog/cars/kia/rio/	Kia Rio 4.4 1 276 отзывов 1999 – 2022 Седан, хэтчбек 5 дв. и универсал 5 дв. B-класса, передний привод. Механика, автомат, робот и вариатор. Бензиновые и дизельные двигатели мощностью от 75 до 140 лошадиных сил.	2020 – 2023IV Рестайлинг (Global market)	Седан	9	https://auto.ru/catalog/cars/kia/rio/24037138/24037236/
5	Kia Rio	https://auto.ru/catalog/cars/kia/rio/	Kia Rio 4.4 1 276 отзывов 1999 – 2022 Седан, хэтчбек 5 дв. и универсал 5 дв. B-класса, передний привод. Механика, автомат, робот и вариатор. Бензиновые и дизельные двигатели мощностью от 75 до 140 лошадиных сил.	2020 – 2023IV Рестайлинг (Global market)	Хэтчбек 5 дв.	2	https://auto.ru/catalog/cars/kia/rio/24037138/24037144/
5	Kia Rio	https://auto.ru/catalog/cars/kia/rio/	Kia Rio 4.4 1 276 отзывов 1999 – 2022 Седан, хэтчбек 5 дв. и универсал 5 дв. B-класса, передний привод. Механика, автомат, робот и вариатор. Бензиновые и дизельные двигатели мощностью от 75 до 140 лошадиных сил.	2020 – 2022IV Рестайлинг	Седан	577	https://auto.ru/catalog/cars/kia/rio/22500704/22500752/
5	Kia Rio	https://auto.ru/catalog/cars/kia/rio/	Kia Rio 4.4 1 276 отзывов 1999 – 2022 Седан, хэтчбек 5 дв. и универсал 5 дв. B-класса, передний привод. Механика, автомат, робот и вариатор. Бензиновые и дизельные двигатели мощностью от 75 до 140 лошадиных сил.	2020 – 2022IV Рестайлинг	Хэтчбек 5 дв. X	247	https://auto.ru/catalog/cars/kia/rio/22500704/22646504/
5	Kia Rio	https://auto.ru/catalog/cars/kia/rio/	Kia Rio 4.4 1 276 отзывов 1999 – 2022 Седан, хэтчбек 5 дв. и универсал 5 дв. B-класса, передний привод. Механика, автомат, робот и вариатор. Бензиновые и дизельные двигатели мощностью от 75 до 140 лошадиных сил.	2017 – 2020IV (Global market)	Хэтчбек 5 дв.	5	https://auto.ru/catalog/cars/kia/rio/24037117/24037234/
5	Kia Rio	https://auto.ru/catalog/cars/kia/rio/	Kia Rio 4.4 1 276 отзывов 1999 – 2022 Седан, хэтчбек 5 дв. и универсал 5 дв. B-класса, передний привод. Механика, автомат, робот и вариатор. Бензиновые и дизельные двигатели мощностью от 75 до 140 лошадиных сил.	2017 – 2020IV (Global market)	Седан		https://auto.ru/catalog/cars/kia/rio/24037117/24037232/
5	Kia Rio	https://auto.ru/catalog/cars/kia/rio/	Kia Rio 4.4 1 276 отзывов 1999 – 2022 Седан, хэтчбек 5 дв. и универсал 5 дв. B-класса, передний привод. Механика, автомат, робот и вариатор. Бензиновые и дизельные двигатели мощностью от 75 до 140 лошадиных сил.	2017 – 2020IV	Седан	1522	https://auto.ru/catalog/cars/kia/rio/21028015/21028057/
5	Kia Rio	https://auto.ru/catalog/cars/kia/rio/	Kia Rio 4.4 1 276 отзывов 1999 – 2022 Седан, хэтчбек 5 дв. и универсал 5 дв. B-класса, передний привод. Механика, автомат, робот и вариатор. Бензиновые и дизельные двигатели мощностью от 75 до 140 лошадиных сил.	2017 – 2020IV	Хэтчбек 5 дв. X-Line	573	https://auto.ru/catalog/cars/kia/rio/21028015/21126875/
5	Kia Rio	https://auto.ru/catalog/cars/kia/rio/	Kia Rio 4.4 1 276 отзывов 1999 – 2022 Седан, хэтчбек 5 дв. и универсал 5 дв. B-класса, передний привод. Механика, автомат, робот и вариатор. Бензиновые и дизельные двигатели мощностью от 75 до 140 лошадиных сил.	2015 – 2017III Рестайлинг	Седан	1307	https://auto.ru/catalog/cars/kia/rio/20508999/20511785/
5	Kia Rio	https://auto.ru/catalog/cars/kia/rio/	Kia Rio 4.4 1 276 отзывов 1999 – 2022 Седан, хэтчбек 5 дв. и универсал 5 дв. B-класса, передний привод. Механика, автомат, робот и вариатор. Бензиновые и дизельные двигатели мощностью от 75 до 140 лошадиных сил.	2015 – 2017III Рестайлинг	Хэтчбек 5 дв.	278	https://auto.ru/catalog/cars/kia/rio/20508999/20550766/
5	Kia Rio	https://auto.ru/catalog/cars/kia/rio/	Kia Rio 4.4 1 276 отзывов 1999 – 2022 Седан, хэтчбек 5 дв. и универсал 5 дв. B-класса, передний привод. Механика, автомат, робот и вариатор. Бензиновые и дизельные двигатели мощностью от 75 до 140 лошадиных сил.	2015 – 2017III Рестайлинг	Седан Global		https://auto.ru/catalog/cars/kia/rio/20508999/20509382/
5	Kia Rio	https://auto.ru/catalog/cars/kia/rio/	Kia Rio 4.4 1 276 отзывов 1999 – 2022 Седан, хэтчбек 5 дв. и универсал 5 дв. B-класса, передний привод. Механика, автомат, робот и вариатор. Бензиновые и дизельные двигатели мощностью от 75 до 140 лошадиных сил.	2011 – 2015III	Седан	1662	https://auto.ru/catalog/cars/kia/rio/7694524/7694525/
5	Kia Rio	https://auto.ru/catalog/cars/kia/rio/	Kia Rio 4.4 1 276 отзывов 1999 – 2022 Седан, хэтчбек 5 дв. и универсал 5 дв. B-класса, передний привод. Механика, автомат, робот и вариатор. Бензиновые и дизельные двигатели мощностью от 75 до 140 лошадиных сил.	2011 – 2015III	Хэтчбек 5 дв.	366	https://auto.ru/catalog/cars/kia/rio/7694524/7887992/
5	Kia Rio	https://auto.ru/catalog/cars/kia/rio/	Kia Rio 4.4 1 276 отзывов 1999 – 2022 Седан, хэтчбек 5 дв. и универсал 5 дв. B-класса, передний привод. Механика, автомат, робот и вариатор. Бензиновые и дизельные двигатели мощностью от 75 до 140 лошадиных сил.	2009 – 2011II Рестайлинг	Седан	287	https://auto.ru/catalog/cars/kia/rio/6211420/6211480/
5	Kia Rio	https://auto.ru/catalog/cars/kia/rio/	Kia Rio 4.4 1 276 отзывов 1999 – 2022 Седан, хэтчбек 5 дв. и универсал 5 дв. B-класса, передний привод. Механика, автомат, робот и вариатор. Бензиновые и дизельные двигатели мощностью от 75 до 140 лошадиных сил.	2009 – 2011II Рестайлинг	Хэтчбек 5 дв.	212	https://auto.ru/catalog/cars/kia/rio/6211420/6211441/
5	Kia Rio	https://auto.ru/catalog/cars/kia/rio/	Kia Rio 4.4 1 276 отзывов 1999 – 2022 Седан, хэтчбек 5 дв. и универсал 5 дв. B-класса, передний привод. Механика, автомат, робот и вариатор. Бензиновые и дизельные двигатели мощностью от 75 до 140 лошадиных сил.	2005 – 2009II	Седан	102	https://auto.ru/catalog/cars/kia/rio/2307171/2307176/
5	Kia Rio	https://auto.ru/catalog/cars/kia/rio/	Kia Rio 4.4 1 276 отзывов 1999 – 2022 Седан, хэтчбек 5 дв. и универсал 5 дв. B-класса, передний привод. Механика, автомат, робот и вариатор. Бензиновые и дизельные двигатели мощностью от 75 до 140 лошадиных сил.	2005 – 2009II	Хэтчбек 5 дв.	64	https://auto.ru/catalog/cars/kia/rio/2307171/2307172/
5	Kia Rio	https://auto.ru/catalog/cars/kia/rio/	Kia Rio 4.4 1 276 отзывов 1999 – 2022 Седан, хэтчбек 5 дв. и универсал 5 дв. B-класса, передний привод. Механика, автомат, робот и вариатор. Бензиновые и дизельные двигатели мощностью от 75 до 140 лошадиных сил.	2002 – 2005I Рестайлинг	Универсал 5 дв.	115	https://auto.ru/catalog/cars/kia/rio/3483759/20463368/
5	Kia Rio	https://auto.ru/catalog/cars/kia/rio/	Kia Rio 4.4 1 276 отзывов 1999 – 2022 Седан, хэтчбек 5 дв. и универсал 5 дв. B-класса, передний привод. Механика, автомат, робот и вариатор. Бензиновые и дизельные двигатели мощностью от 75 до 140 лошадиных сил.	2002 – 2005I Рестайлинг	Седан	77	https://auto.ru/catalog/cars/kia/rio/3483759/4721331/
5	Kia Rio	https://auto.ru/catalog/cars/kia/rio/	Kia Rio 4.4 1 276 отзывов 1999 – 2022 Седан, хэтчбек 5 дв. и универсал 5 дв. B-класса, передний привод. Механика, автомат, робот и вариатор. Бензиновые и дизельные двигатели мощностью от 75 до 140 лошадиных сил.	1999 – 2002I	Седан	22	https://auto.ru/catalog/cars/kia/rio/21003710/21003765/
5	Kia Rio	https://auto.ru/catalog/cars/kia/rio/	Kia Rio 4.4 1 276 отзывов 1999 – 2022 Седан, хэтчбек 5 дв. и универсал 5 дв. B-класса, передний привод. Механика, автомат, робот и вариатор. Бензиновые и дизельные двигатели мощностью от 75 до 140 лошадиных сил.	1999 – 2002I	Универсал 5 дв.	18	https://auto.ru/catalog/cars/kia/rio/21003710/21004104/
7	Toyota Camry	https://auto.ru/catalog/cars/toyota/camry/	Toyota Camry 4.6 935 отзывов 1980 – н.в. Седан, универсал 5 дв. и лифтбек E и D классов, передний, полный и задний привод. Механика, автомат и вариатор. Бензиновые, дизельные и гибридные двигатели мощностью от 73 до 301 лошадиных сил.	2014 – 2017VII (XV50) Рестайлинг	Седан	864	https://auto.ru/catalog/cars/toyota/camry/20229979/20230014/
7	Toyota Camry	https://auto.ru/catalog/cars/toyota/camry/	Toyota Camry 4.6 935 отзывов 1980 – н.в. Седан, универсал 5 дв. и лифтбек E и D классов, передний, полный и задний привод. Механика, автомат и вариатор. Бензиновые, дизельные и гибридные двигатели мощностью от 73 до 301 лошадиных сил.	2014 – 2017VII (XV50) Рестайлинг	Седан US Market	82	https://auto.ru/catalog/cars/toyota/camry/20229979/20972200/
7	Toyota Camry	https://auto.ru/catalog/cars/toyota/camry/	Toyota Camry 4.6 935 отзывов 1980 – н.в. Седан, универсал 5 дв. и лифтбек E и D классов, передний, полный и задний привод. Механика, автомат и вариатор. Бензиновые, дизельные и гибридные двигатели мощностью от 73 до 301 лошадиных сил.	2011 – 2014VII (XV50)	Седан	889	https://auto.ru/catalog/cars/toyota/camry/7722388/7722389/
7	Toyota Camry	https://auto.ru/catalog/cars/toyota/camry/	Toyota Camry 4.6 935 отзывов 1980 – н.в. Седан, универсал 5 дв. и лифтбек E и D классов, передний, полный и задний привод. Механика, автомат и вариатор. Бензиновые, дизельные и гибридные двигатели мощностью от 73 до 301 лошадиных сил.	2011 – 2014VII (XV50)	Седан Japan Market	63	https://auto.ru/catalog/cars/toyota/camry/7722388/20487031/
7	Toyota Camry	https://auto.ru/catalog/cars/toyota/camry/	Toyota Camry 4.6 935 отзывов 1980 – н.в. Седан, универсал 5 дв. и лифтбек E и D классов, передний, полный и задний привод. Механика, автомат и вариатор. Бензиновые, дизельные и гибридные двигатели мощностью от 73 до 301 лошадиных сил.	2011 – 2014VII (XV50)	Седан US Market	27	https://auto.ru/catalog/cars/toyota/camry/7722388/20988420/
7	Toyota Camry	https://auto.ru/catalog/cars/toyota/camry/	Toyota Camry 4.6 935 отзывов 1980 – н.в. Седан, универсал 5 дв. и лифтбек E и D классов, передний, полный и задний привод. Механика, автомат и вариатор. Бензиновые, дизельные и гибридные двигатели мощностью от 73 до 301 лошадиных сил.	1999 – 2002IV (XV20) Рестайлинг	Седан	30	https://auto.ru/catalog/cars/toyota/camry/22825658/22825757/
7	Toyota Camry	https://auto.ru/catalog/cars/toyota/camry/	Toyota Camry 4.6 935 отзывов 1980 – н.в. Седан, универсал 5 дв. и лифтбек E и D классов, передний, полный и задний привод. Механика, автомат и вариатор. Бензиновые, дизельные и гибридные двигатели мощностью от 73 до 301 лошадиных сил.	1999 – 2002IV (XV20) Рестайлинг	Универсал 5 дв. Gracia	5	https://auto.ru/catalog/cars/toyota/camry/22825658/22825786/
7	Toyota Camry	https://auto.ru/catalog/cars/toyota/camry/	Toyota Camry 4.6 935 отзывов 1980 – н.в. Седан, универсал 5 дв. и лифтбек E и D классов, передний, полный и задний привод. Механика, автомат и вариатор. Бензиновые, дизельные и гибридные двигатели мощностью от 73 до 301 лошадиных сил.	1996 – 2000IV (XV20)	Седан	30	https://auto.ru/catalog/cars/toyota/camry/6389878/6476194/
7	Toyota Camry	https://auto.ru/catalog/cars/toyota/camry/	Toyota Camry 4.6 935 отзывов 1980 – н.в. Седан, универсал 5 дв. и лифтбек E и D классов, передний, полный и задний привод. Механика, автомат и вариатор. Бензиновые, дизельные и гибридные двигатели мощностью от 73 до 301 лошадиных сил.	1996 – 2000IV (XV20)	Седан Gracia	12	https://auto.ru/catalog/cars/toyota/camry/6389878/20486534/
7	Toyota Camry	https://auto.ru/catalog/cars/toyota/camry/	Toyota Camry 4.6 935 отзывов 1980 – н.в. Седан, универсал 5 дв. и лифтбек E и D классов, передний, полный и задний привод. Механика, автомат и вариатор. Бензиновые, дизельные и гибридные двигатели мощностью от 73 до 301 лошадиных сил.	1996 – 2000IV (XV20)	Универсал 5 дв. Gracia	10	https://auto.ru/catalog/cars/toyota/camry/6389878/6476198/
7	Toyota Camry	https://auto.ru/catalog/cars/toyota/camry/	Toyota Camry 4.6 935 отзывов 1980 – н.в. Седан, универсал 5 дв. и лифтбек E и D классов, передний, полный и задний привод. Механика, автомат и вариатор. Бензиновые, дизельные и гибридные двигатели мощностью от 73 до 301 лошадиных сил.	1991 – 1997III (XV10)	Седан	38	https://auto.ru/catalog/cars/toyota/camry/3492877/8303080/
7	Toyota Camry	https://auto.ru/catalog/cars/toyota/camry/	Toyota Camry 4.6 935 отзывов 1980 – н.в. Седан, универсал 5 дв. и лифтбек E и D классов, передний, полный и задний привод. Механика, автомат и вариатор. Бензиновые, дизельные и гибридные двигатели мощностью от 73 до 301 лошадиных сил.	1991 – 1997III (XV10)	Универсал 5 дв.	6	https://auto.ru/catalog/cars/toyota/camry/3492877/20464936/
7	Toyota Camry	https://auto.ru/catalog/cars/toyota/camry/	Toyota Camry 4.6 935 отзывов 1980 – н.в. Седан, универсал 5 дв. и лифтбек E и D классов, передний, полный и задний привод. Механика, автомат и вариатор. Бензиновые, дизельные и гибридные двигатели мощностью от 73 до 301 лошадиных сил.	1986 – 1991II (V20)	Седан	10	https://auto.ru/catalog/cars/toyota/camry/3492880/6475340/
7	Toyota Camry	https://auto.ru/catalog/cars/toyota/camry/	Toyota Camry 4.6 935 отзывов 1980 – н.в. Седан, универсал 5 дв. и лифтбек E и D классов, передний, полный и задний привод. Механика, автомат и вариатор. Бензиновые, дизельные и гибридные двигатели мощностью от 73 до 301 лошадиных сил.	1986 – 1991II (V20)	Универсал 5 дв.	3	https://auto.ru/catalog/cars/toyota/camry/3492880/20463154/
7	Toyota Camry	https://auto.ru/catalog/cars/toyota/camry/	Toyota Camry 4.6 935 отзывов 1980 – н.в. Седан, универсал 5 дв. и лифтбек E и D классов, передний, полный и задний привод. Механика, автомат и вариатор. Бензиновые, дизельные и гибридные двигатели мощностью от 73 до 301 лошадиных сил.	1982 – 1988I (V10)	Седан	1	https://auto.ru/catalog/cars/toyota/camry/3492882/20475483/
7	Toyota Camry	https://auto.ru/catalog/cars/toyota/camry/	Toyota Camry 4.6 935 отзывов 1980 – н.в. Седан, универсал 5 дв. и лифтбек E и D классов, передний, полный и задний привод. Механика, автомат и вариатор. Бензиновые, дизельные и гибридные двигатели мощностью от 73 до 301 лошадиных сил.	1982 – 1988I (V10)	Лифтбек		https://auto.ru/catalog/cars/toyota/camry/3492882/20475564/
8	Lada (ВАЗ) Priora	https://auto.ru/catalog/cars/vaz/2170/	Lada (ВАЗ) Priora 3.8 750 отзывов 2007 – 2018 Седан, хэтчбек 5 дв., универсал 5 дв. и хэтчбек 3 дв. B-класса, передний привод. Механика и робот. Бензиновые двигатели мощностью от 81 до 123 лошадиных сил.	2013 – 2018I Рестайлинг	Седан	1055	https://auto.ru/catalog/cars/vaz/2170/20067929/20067932/
8	Lada (ВАЗ) Priora	https://auto.ru/catalog/cars/vaz/2170/	Lada (ВАЗ) Priora 3.8 750 отзывов 2007 – 2018 Седан, хэтчбек 5 дв., универсал 5 дв. и хэтчбек 3 дв. B-класса, передний привод. Механика и робот. Бензиновые двигатели мощностью от 81 до 123 лошадиных сил.	2013 – 2018I Рестайлинг	Хэтчбек 5 дв.	296	https://auto.ru/catalog/cars/vaz/2170/20067929/20067939/
8	Lada (ВАЗ) Priora	https://auto.ru/catalog/cars/vaz/2170/	Lada (ВАЗ) Priora 3.8 750 отзывов 2007 – 2018 Седан, хэтчбек 5 дв., универсал 5 дв. и хэтчбек 3 дв. B-класса, передний привод. Механика и робот. Бензиновые двигатели мощностью от 81 до 123 лошадиных сил.	2013 – 2018I Рестайлинг	Универсал 5 дв.	67	https://auto.ru/catalog/cars/vaz/2170/20067929/20067942/
8	Lada (ВАЗ) Priora	https://auto.ru/catalog/cars/vaz/2170/	Lada (ВАЗ) Priora 3.8 750 отзывов 2007 – 2018 Седан, хэтчбек 5 дв., универсал 5 дв. и хэтчбек 3 дв. B-класса, передний привод. Механика и робот. Бензиновые двигатели мощностью от 81 до 123 лошадиных сил.	2013 – 2018I Рестайлинг	Хэтчбек 3 дв.	2	https://auto.ru/catalog/cars/vaz/2170/20067929/20080121/
8	Lada (ВАЗ) Priora	https://auto.ru/catalog/cars/vaz/2170/	Lada (ВАЗ) Priora 3.8 750 отзывов 2007 – 2018 Седан, хэтчбек 5 дв., универсал 5 дв. и хэтчбек 3 дв. B-класса, передний привод. Механика и робот. Бензиновые двигатели мощностью от 81 до 123 лошадиных сил.	2007 – 2013I	Седан	2655	https://auto.ru/catalog/cars/vaz/2170/2307319/2307320/
8	Lada (ВАЗ) Priora	https://auto.ru/catalog/cars/vaz/2170/	Lada (ВАЗ) Priora 3.8 750 отзывов 2007 – 2018 Седан, хэтчбек 5 дв., универсал 5 дв. и хэтчбек 3 дв. B-класса, передний привод. Механика и робот. Бензиновые двигатели мощностью от 81 до 123 лошадиных сил.	2007 – 2013I	Хэтчбек 5 дв.	2166	https://auto.ru/catalog/cars/vaz/2170/2307319/2499027/
8	Lada (ВАЗ) Priora	https://auto.ru/catalog/cars/vaz/2170/	Lada (ВАЗ) Priora 3.8 750 отзывов 2007 – 2018 Седан, хэтчбек 5 дв., универсал 5 дв. и хэтчбек 3 дв. B-класса, передний привод. Механика и робот. Бензиновые двигатели мощностью от 81 до 123 лошадиных сил.	2007 – 2013I	Универсал 5 дв.	633	https://auto.ru/catalog/cars/vaz/2170/2307319/4828579/
8	Lada (ВАЗ) Priora	https://auto.ru/catalog/cars/vaz/2170/	Lada (ВАЗ) Priora 3.8 750 отзывов 2007 – 2018 Седан, хэтчбек 5 дв., универсал 5 дв. и хэтчбек 3 дв. B-класса, передний привод. Механика и робот. Бензиновые двигатели мощностью от 81 до 123 лошадиных сил.	2007 – 2013I	Хэтчбек 3 дв.	45	https://auto.ru/catalog/cars/vaz/2170/2307319/6101609/
